Chris,Rodriguez,crodriguez3@hao123.com,Male,diners-club-enroute,$1.82,TRUE,TRUE,Bojonghaur
Harold,Fisher,,Male,jcb,$4.89,FALSE,,Neftobod
Frank,Vasquez,fvasquezc@comcast.net,,americanexpress,$6.26,FALSE,TRUE,Emmen
Edward,,emendozae@parallels.com,,,$2.49,TRUE,FALSE,Aseri
Carolyn,Martinez,,Female,jcb,$1.52,TRUE,,Caherconlish
Steven,Gutierrez,sgutierrezr@irs.gov,,americanexpress,$5.32,TRUE,TRUE,Terbangan
Robert,Olson,rolson15@privacy.gov.au,,laser,$9.49,FALSE,TRUE,Itō
Matthew,Gardner,mgardner1b@sitemeter.com,,jcb,$5.54,TRUE,FALSE,Ruma
,Allen,sallen1c@yandex.ru,Male,jcb,,TRUE,FALSE,
Benjamin,Sanders,bsanders1j@cpanel.net,Male,china-unionpay,$5.67,FALSE,TRUE,Baras
Sarah,,swalker1p@pinterest.com,Female,,$3.61,TRUE,FALSE,Wotan
Matthew,Mason,mmason1s@cargocollective.com,Male,jcb,$8.31,FALSE,TRUE,Jiangpan
Benjamin,Edwards,bedwards20@ibm.com,Male,diners-club-enroute,$9.16,FALSE,FALSE,Boynton Beach
Bonnie,,barmstrong26@weibo.com,Female,,$7.32,FALSE,FALSE,Chittagong
,Morales,amorales2h@virginia.edu,Female,solo,,TRUE,FALSE,
,Cook,pcook2i@linkedin.com,Male,visa,,TRUE,FALSE,
Todd,Pierce,,Male,visa-electron,$8.62,TRUE,,Haugesund
Doris,Henry,dhenry2m@blogspot.com,Female,americanexpress,$5.07,FALSE,FALSE,Markog
Scott,,sdaniels2s@bbb.org,Male,,$1.81,TRUE,TRUE,Yanmenkou
Samuel,Alexander,salexander30@miibeian.gov.cn,Male,jcb,$5.72,FALSE,TRUE,Chamalières
Ruth,Green,rgreen31@moonfruit.com,Female,jcb,$0.98,TRUE,TRUE,Kájov
Sean,Richards,,Male,laser,$2.45,TRUE,,San Martín
Dennis,Gardner,dgardner35@cocolog-nifty.com,Male,diners-club-carte-blanche,$2.48,FALSE,FALSE,Baofeng
Donna,Sullivan,dsullivan3r@statcounter.com,Female,visa,$1.16,FALSE,FALSE,Annonay
,Mitchell,emitchell3z@pbs.org,Male,diners-club-carte-blanche,,TRUE,FALSE,
Joshua,,jlewis45@apache.org,Male,,$2.86,FALSE,TRUE,Yufa
Irene,Garza,igarza46@livejournal.com,,mastercard,$3.07,TRUE,TRUE,Pueblo Nuevo
Phillip,Castillo,pcastillo4b@cam.ac.uk,Male,laser,$9.65,FALSE,TRUE,Ayapel
Dorothy,,dgrant4c@amazonaws.com,Female,,$0.49,TRUE,TRUE,Gaspar
Angela,Garcia,agarcia4f@cpanel.net,Female,jcb,$3.92,TRUE,FALSE,Peranap
Brandon,,bferguson4h@senate.gov,Male,,$5.88,TRUE,FALSE,Dornava
Jean,Harvey,jharvey4i@bloglines.com,Female,diners-club-enroute,$2.19,TRUE,TRUE,Öldziyt
Stephen,Cole,scole4l@twitter.com,Male,mastercard,$7.93,FALSE,TRUE,Obudovac
Clarence,Bishop,,Male,jcb,$9.30,TRUE,,Jixi
Marie,Cruz,mcruz50@zdnet.com,,switch,$9.34,FALSE,TRUE,Turrialba
Robert,,rknight53@joomla.org,Male,,$7.24,TRUE,TRUE,Lleida
Gary,Lawson,glawson5c@yelp.com,,jcb,$6.63,FALSE,FALSE,Tapera
Willie,Edwards,wedwards5e@accuweather.com,,visa,$9.16,TRUE,TRUE,Kesabpur
Wanda,Butler,wbutler5r@linkedin.com,,diners-club-international,$0.09,FALSE,TRUE,Pedinó
Ralph,,rgomez5u@ehow.com,Male,,$2.81,TRUE,TRUE,Smiřice
Jonathan,Taylor,jtaylor63@creativecommons.org,,visa-electron,$9.31,FALSE,FALSE,Reconquista
Gloria,Cunningham,,Female,jcb,$7.67,TRUE,,Chengmen
Ernest,Kim,,Male,bankcard,$3.55,TRUE,,Nakkila
Brenda,Hudson,bhudson6i@dropbox.com,,china-unionpay,$2.52,FALSE,TRUE,Muararupit
Paul,,probinson6r@virginia.edu,Male,,$5.53,TRUE,TRUE,Banī Suhaylā
,Fields,sfields7b@chron.com,Female,jcb,,FALSE,FALSE,
Jose,,jcastillo7d@blog.com,Male,,$6.20,FALSE,TRUE,Dadeldhurā
,Graham,jgraham7j@springer.com,Female,jcb,,TRUE,FALSE,
Harold,Woods,hwoods7r@sohu.com,,americanexpress,$1.87,TRUE,FALSE,Malšice
Helen,Rodriguez,hrodriguez80@toplist.cz,Female,mastercard,$9.54,FALSE,TRUE,Hexi
David,Bradley,dbradley82@ameblo.jp,Male,jcb,$8.35,TRUE,TRUE,Otradnoye
Raymond,Hart,rhart86@cbsnews.com,,americanexpress,$4.42,FALSE,TRUE,Dagkar
Donald,,dgarza8b@networkadvertising.org,Male,,$6.74,TRUE,TRUE,Kęty
Ernest,Lawson,,Male,jcb,$9.99,TRUE,,Chavães
Carlos,,cramos8d@sourceforge.net,Male,,$3.76,TRUE,FALSE,Kol’chugino
Judith,Arnold,jarnold8h@weebly.com,Female,maestro,$1.47,TRUE,TRUE,Gaio
Johnny,Martin,,Male,visa,$0.46,FALSE,,Cut-cut Primero
Laura,Harper,,Female,jcb,$6.29,TRUE,,Yunmen
Judy,,,Female,,$9.66,FALSE,,Březová nad Svitavou
,Tucker,stucker99@histats.com,Female,diners-club-carte-blanche,,FALSE,FALSE,
Antonio,,ahawkins9a@soundcloud.com,Male,,$8.27,TRUE,FALSE,Lāchi
Charles,Sullivan,csullivan9f@infoseek.co.jp,,bankcard,$3.28,FALSE,TRUE,Touguinha
Samuel,Gilbert,sgilbert9k@yahoo.co.jp,Male,mastercard,$8.13,TRUE,TRUE,Nowe
Craig,,ckennedy9m@wsj.com,Male,,$5.43,FALSE,TRUE,Fucheng
,Howard,ahoward9o@webeden.co.uk,Male,diners-club-us-ca,,FALSE,FALSE,
Anne,Ray,aray9p@vkontakte.ru,Female,jcb,$1.68,FALSE,FALSE,Slavonice
Catherine,Harper,charper9q@t.co,,jcb,$0.99,TRUE,FALSE,Pangu
Irene,Lawson,ilawson9z@skype.com,,laser,$9.60,TRUE,FALSE,Guaiúba
Timothy,Phillips,tphillipsa1@dailymotion.com,,mastercard,$3.14,TRUE,TRUE,Västerås
Gregory,,grodrigueza3@example.com,Male,,$4.17,TRUE,FALSE,Clermont-Ferrand
Susan,White,,Female,china-unionpay,$2.14,FALSE,,El Calvario
Deborah,Duncan,dduncanaa@scribd.com,,switch,$4.37,TRUE,FALSE,Lindavista
,Harvey,pharveyae@pen.io,Female,jcb,,FALSE,TRUE,
Samuel,Medina,smedinaak@dailymail.co.uk,Male,jcb,$6.86,FALSE,TRUE,Nai Harn
Roger,,rmartinezaw@unblog.fr,Male,,$7.72,TRUE,FALSE,Huangbu
Henry,Frazier,hfrazieraz@si.edu,Male,americanexpress,$3.49,TRUE,FALSE,Nanhe
Susan,Weaver,sweaverb4@npr.org,Female,diners-club-enroute,$2.09,FALSE,TRUE,Castanheira
Norma,,ngibsonb5@businessinsider.com,Female,,$4.81,FALSE,FALSE,El Porvenir
Thomas,,trobertsonbb@vistaprint.com,Male,,$1.89,FALSE,TRUE,Dayapan
Kevin,King,,Male,switch,$7.31,FALSE,,Koski Tl
Adam,,awatkinsbj@histats.com,Male,,$7.94,FALSE,TRUE,Cupira
George,Bailey,gbaileybn@shinystat.com,Male,jcb,$6.25,FALSE,TRUE,Wadi
,,areynoldsbw@hugedomains.com,Female,,,FALSE,FALSE,
Frances,Stevens,fstevensc5@thetimes.co.uk,,jcb,$8.50,FALSE,TRUE,Longbei
Lori,Sims,lsimsc6@telegraph.co.uk,Female,maestro,$5.94,FALSE,FALSE,Jiaoxiyakou
Angela,Riley,arileyc7@unblog.fr,,jcb,$1.70,TRUE,TRUE,Knysna
,Long,plongcf@weibo.com,Male,jcb,,FALSE,FALSE,
Mildred,Reyes,mreyescg@ca.gov,,jcb,$3.69,TRUE,FALSE,Józefosław
Ronald,,rstanleych@addtoany.com,Male,,$2.20,FALSE,FALSE,La Peña
Jean,Patterson,jpattersoncq@pcworld.com,Female,jcb,$9.57,FALSE,FALSE,Tapada das Mercês
Teresa,Romero,tromeroct@weibo.com,,china-unionpay,$2.58,FALSE,TRUE,Shimo-furano
Harold,Black,hblackcy@smugmug.com,Male,jcb,$2.29,TRUE,TRUE,Basiao
Catherine,Jacobs,cjacobsd0@utexas.edu,,diners-club-carte-blanche,$7.76,FALSE,FALSE,Bang Mun Nak
Craig,Patterson,cpattersond8@uol.com.br,Male,jcb,$0.38,TRUE,FALSE,Chengdong
Sandra,Armstrong,sarmstrongdv@cargocollective.com,Female,jcb,$2.88,FALSE,FALSE,Futu
Jean,Hamilton,jhamiltone1@t-online.de,Female,china-unionpay,$1.55,TRUE,FALSE,Saltsjö-Boo
Janice,Ryan,jryaneb@bandcamp.com,Female,visa,$1.79,TRUE,FALSE,Santo Domingo Oeste
Andrew,Welch,,Male,solo,$2.68,TRUE,,Midland
Donald,Sanders,dsanderseg@feedburner.com,Male,solo,$2.69,FALSE,TRUE,Elat
,Elliott,jelliotteh@plala.or.jp,Female,jcb,,FALSE,TRUE,
Ronald,,,Male,,$9.30,TRUE,,Wiwilí
Roger,,rgreeneer@live.com,Male,,$1.98,FALSE,FALSE,Hägersten
Clarence,Ward,cwardfm@livejournal.com,,mastercard,$0.82,FALSE,FALSE,Banjar Baleagung
Samuel,,scarrollfn@wiley.com,Male,,$3.18,FALSE,TRUE,Helvecia
Donna,Peterson,,Female,mastercard,$5.31,FALSE,,Kimje
Linda,Morrison,lmorrisong8@nifty.com,Female,bankcard,$0.84,TRUE,TRUE,Vyshneve
Joe,Crawford,jcrawfordgh@youtu.be,Male,jcb,$5.08,FALSE,FALSE,Saint John
Diane,,dwilliamsongq@nih.gov,Female,,$5.49,FALSE,FALSE,Chile Chico
Debra,Ramirez,dramirezh3@psu.edu,,americanexpress,$8.40,FALSE,TRUE,Mianhu
William,,wreedh5@jimdo.com,Male,,$8.30,TRUE,TRUE,Xumu
Jean,Lewis,jlewish6@alexa.com,Female,mastercard,$6.73,TRUE,FALSE,Songshan
Martin,,mruizh7@cnn.com,Male,,$6.70,FALSE,FALSE,Jinhua
Ashley,Garrett,agarretthe@aol.com,Female,jcb,$5.00,FALSE,FALSE,Ipoh
Terry,Rogers,trogershf@prnewswire.com,,jcb,$1.49,TRUE,FALSE,Chitral
Helen,Lynch,hlynchhg@state.tx.us,Female,visa-electron,$3.20,TRUE,TRUE,Ḩawf
Theresa,Morales,tmoraleshi@biglobe.ne.jp,,maestro,$1.82,TRUE,FALSE,Tanguiéta
Willie,Sims,wsimshm@ftc.gov,Male,switch,$3.47,FALSE,FALSE,Damu
Joseph,,jgranthn@china.com.cn,Male,,$1.44,TRUE,TRUE,Comitancillo
Michelle,Romero,mromeroho@t-online.de,Female,jcb,$9.87,TRUE,FALSE,Linares
Jonathan,Henry,jhenryhs@tinyurl.com,Male,diners-club-carte-blanche,$6.95,TRUE,TRUE,Dūrā al Qar‘
Willie,Garza,wgarzahu@mlb.com,,jcb,$3.36,TRUE,FALSE,Urazovka
Sharon,,sjameshv@hatena.ne.jp,Female,,$5.36,TRUE,FALSE,Catac
Thomas,Stevens,tstevenshx@geocities.jp,Male,bankcard,$9.53,FALSE,FALSE,Mosfilotí
Teresa,Montgomery,tmontgomeryi0@toplist.cz,Female,bankcard,$0.92,FALSE,TRUE,Celje
Julia,Freeman,jfreemani2@theguardian.com,Female,jcb,$5.08,FALSE,FALSE,Oster
Dorothy,Morgan,dmorgani5@odnoklassniki.ru,Female,diners-club-enroute,$1.03,TRUE,TRUE,Tsagaanders
Charles,Fox,,Male,maestro,$1.06,FALSE,,Yongfeng
Jose,Griffin,jgriffinii@i2i.jp,Male,jcb,$5.38,FALSE,TRUE,Xuhui
Anna,Collins,acollinsis@cdc.gov,Female,jcb,$1.57,FALSE,FALSE,Fucheng
,Martinez,tmartineziv@reuters.com,Male,jcb,,TRUE,TRUE,
Gary,West,gwestiw@ucoz.com,Male,jcb,$9.21,TRUE,TRUE,Přimda
Bonnie,Schmidt,bschmidtix@clickbank.net,Female,laser,$3.13,TRUE,FALSE,Artimet
Stephanie,Warren,,Female,jcb,$6.10,TRUE,,Sobreira
Peter,Harvey,pharveyj3@cpanel.net,,maestro,$2.91,TRUE,TRUE,Nyeri
Alice,Johnston,ajohnstonj8@cam.ac.uk,,jcb,$5.25,FALSE,TRUE,Laraos
Louis,Lee,,Male,americanexpress,$7.08,FALSE,,Xekar
Brenda,Scott,,Female,maestro,$0.18,FALSE,,Sinubong
Joshua,Wagner,,Male,solo,$1.46,TRUE,,Pedra Azul
Irene,,ipiercejm@examiner.com,Female,,$0.32,FALSE,FALSE,Wasogolo
Sarah,Ford,sfordjq@amazon.co.uk,Female,jcb,$1.95,FALSE,TRUE,Lumbardhi
Jimmy,,jlewisjw@bbb.org,Male,,$4.12,TRUE,FALSE,Ambohitseheno
Ryan,Jacobs,rjacobsjy@people.com.cn,,diners-club-us-ca,$1.57,TRUE,TRUE,Radymno
Gloria,Peters,gpetersk3@huffingtonpost.com,Female,jcb,$0.28,FALSE,TRUE,Bitanjuan
Marilyn,Russell,,Female,laser,$1.27,TRUE,,Xindian
Evelyn,,etuckerk5@google.co.uk,Female,,$2.90,FALSE,TRUE,Kladovo
Carolyn,Lewis,clewisk9@goo.gl,Female,diners-club-enroute,$9.48,TRUE,FALSE,Whitehorse
Kevin,Ramos,kramoskb@ocn.ne.jp,Male,jcb,$7.77,FALSE,TRUE,Halimaung Jaya (F-3)
Carl,Palmer,cpalmerkk@ifeng.com,Male,jcb,$6.96,FALSE,TRUE,Katrineholm
Tammy,Wallace,twallacekp@rambler.ru,Female,diners-club-carte-blanche,$3.34,FALSE,TRUE,Bayan Hure
Anna,Wheeler,awheelerkr@redcross.org,,mastercard,$5.59,TRUE,TRUE,São Gotardo
Frances,,framirezks@meetup.com,Female,,$1.72,TRUE,FALSE,Digkilaan
Arthur,,amasonkz@elegantthemes.com,Male,,$5.03,FALSE,FALSE,Saint-Malo
Timothy,,tfranklinl2@nature.com,Male,,$8.66,FALSE,TRUE,Siliana
Philip,Flores,pfloresl3@dion.ne.jp,,switch,$4.53,FALSE,FALSE,Incheon
Jennifer,Harvey,jharveyl6@newyorker.com,Female,switch,$4.06,TRUE,FALSE,La Eduvigis
Nicholas,Daniels,ndanielsl7@nbcnews.com,,jcb,$9.68,TRUE,TRUE,Ballyhaunis
Raymond,Carroll,rcarrolllf@amazon.co.uk,Male,diners-club-carte-blanche,$0.05,TRUE,TRUE,Pule
Anna,,adiazlk@aol.com,Female,,$1.88,TRUE,FALSE,San Miguel
Laura,,lrosslr@amazonaws.com,Female,,$7.52,TRUE,FALSE,Rumburk
Irene,Meyer,imeyerlt@cyberchimps.com,Female,mastercard,$7.36,FALSE,FALSE,Kurjan
,Martin,smartinlv@yellowbook.com,Female,jcb,,FALSE,FALSE,
Rebecca,Miller,rmillerm7@diigo.com,Female,diners-club-us-ca,$3.97,TRUE,FALSE,Ala-Buka
Tammy,Kelly,,Female,mastercard,$1.61,TRUE,,Cuyotenango
Antonio,Roberts,arobertsmm@unblog.fr,Male,jcb,$3.06,FALSE,TRUE,Gīvī
Nancy,,ngeorgemp@google.co.jp,Female,,$1.71,TRUE,FALSE,Yangong
Norma,Reed,,Female,diners-club-carte-blanche,$1.06,FALSE,,‘Uqayribāt
Norma,,nmurphymx@nationalgeographic.com,,,$1.49,FALSE,TRUE,Cầu Giấy
James,,jwilsonn0@goo.ne.jp,Male,,$9.97,FALSE,TRUE,Uzdin
Antonio,Wright,awrightn1@cbslocal.com,Male,visa-electron,$8.70,TRUE,TRUE,Mattaldi
Amy,Fowler,,,laser,$5.62,TRUE,,Bosobolo
Carl,,cthomasn4@nature.com,Male,,$4.05,FALSE,TRUE,Vargön
Sean,Johnson,sjohnsonn7@spiegel.de,,diners-club-enroute,$8.31,TRUE,TRUE,Bjelovar
Chris,,clawrencenc@tumblr.com,,,$8.89,TRUE,FALSE,Blumbang
Carolyn,Ellis,cellisnd@slate.com,Female,diners-club-enroute,$1.98,FALSE,TRUE,Dalmatovo
Ronald,Mcdonald,rmcdonaldnk@comcast.net,Male,maestro,$2.39,FALSE,FALSE,Musawa
Rose,,rhansennn@soup.io,Female,,$0.07,TRUE,FALSE,Buffalo
Roy,Alvarez,ralvarezns@jigsy.com,,diners-club-enroute,$8.78,TRUE,FALSE,Heemskerk
Ernest,Fuller,efullernz@kickstarter.com,,americanexpress,$9.30,FALSE,TRUE,Budapest
Eugene,Kim,,Male,jcb,$3.98,FALSE,,Poligny
William,Martin,wmartino2@over-blog.com,,jcb,$5.46,FALSE,FALSE,Klos
Walter,Richards,wrichardso4@vimeo.com,Male,diners-club-enroute,$3.33,TRUE,FALSE,Gampaha
Carl,Duncan,,Male,diners-club-enroute,$4.20,TRUE,,Sarakhs
Stephen,Fox,,Male,jcb,$7.75,FALSE,,Nowy Dwór Mazowiecki
Sara,Bowman,sbowmanok@dell.com,,jcb,$5.10,TRUE,FALSE,Honglong
James,,,Male,,$6.75,TRUE,,Bruxelles
,,pfoxou@w3.org,Male,,,FALSE,FALSE,
Marilyn,,mphillipsov@twitter.com,Female,,$9.58,TRUE,TRUE,Luangwa
Angela,Jackson,,Female,bankcard,$1.87,TRUE,,Kocēni
Sharon,,sfulleroy@intel.com,Female,,$3.19,TRUE,TRUE,Zürich
Craig,,ccolemanp1@storify.com,Male,,$1.37,TRUE,FALSE,Chaoyang
,Watkins,swatkinsp4@sitemeter.com,Male,jcb,,FALSE,FALSE,
Louis,Barnes,lbarnespa@hhs.gov,,jcb,$5.57,FALSE,FALSE,Bendan
Anthony,Harper,,Male,jcb,$3.38,TRUE,,Damulog
Mark,Murphy,,Male,maestro,$7.89,TRUE,,Changtan
Fred,,fperkinsq3@time.com,Male,,$6.76,TRUE,FALSE,Umuquena
Lawrence,Hart,,Male,switch,$4.48,TRUE,,Christiana
John,,jcunninghamqa@craigslist.org,Male,,$2.84,FALSE,TRUE,Lantian
Donna,,dbanksqc@delicious.com,Female,,$2.64,FALSE,TRUE,Byala Slatina
Rose,Rose,rroseqe@php.net,Female,jcb,$2.14,FALSE,FALSE,Huesca
Phillip,,powensqf@bluehost.com,Male,,$7.09,FALSE,FALSE,Heret
Thomas,,tburnsqj@dell.com,Male,,$9.73,FALSE,FALSE,Stockholm
Anthony,,acarpenterqk@about.me,Male,,$3.27,TRUE,FALSE,Lyon
David,Ramirez,dramirezqs@xinhuanet.com,,switch,$5.00,FALSE,FALSE,Gbadolite
James,Powell,jpowellqt@geocities.jp,,americanexpress,$0.45,FALSE,FALSE,Dallas
Jason,Bryant,,Male,jcb,$2.98,FALSE,,Zaña
Arthur,,ahansonr0@com.com,Male,,$4.69,FALSE,TRUE,Chiconi
Joseph,Mendoza,,Male,jcb,$5.98,TRUE,,Assiniboia
Michelle,,msmithr2@ft.com,Female,,$1.11,TRUE,TRUE,Amuñgan
Benjamin,,bcoxrk@thetimes.co.uk,Male,,$0.43,TRUE,FALSE,Yangmadao
Joe,Garza,,Male,jcb,$6.76,FALSE,,Stockholm
Ernest,Harrison,,Male,bankcard,$3.50,TRUE,,Vyatskiye Polyany
Daniel,Ramos,dramosrr@sohu.com,Male,mastercard,$3.48,TRUE,TRUE,Pallanchacra
Bruce,,bmurray0@acquirethisname.com,Male,,$1.83,TRUE,TRUE,Maduao
Keith,Diaz,,Male,jcb,$4.98,FALSE,,Tabuny
,Edwards,jedwards9@google.nl,Male,diners-club-enroute,,TRUE,TRUE,
Paula,,plewisn@illinois.edu,Female,,$2.49,TRUE,TRUE,Goyang-si
Patrick,Richards,prichardsu@godaddy.com,Male,jcb,$5.95,TRUE,FALSE,Silvares
Joan,Fernandez,,Female,china-unionpay,$1.02,TRUE,,Dzwola
Sandra,,scrawford1o@shop-pro.jp,Female,,$6.90,TRUE,TRUE,Naifaru
Sharon,,sholmes1t@google.pl,Female,,$3.14,FALSE,FALSE,Pulaupanggung
Brenda,Porter,bporter1u@com.com,Female,jcb,$7.96,FALSE,FALSE,Saint-Quentin
Martha,Turner,mturner1y@newyorker.com,Female,americanexpress,$4.28,TRUE,TRUE,Trnovlje pri Celju
Carol,,crogers20@google.ca,Female,,$8.82,TRUE,FALSE,Debrecen
,Rice,wrice29@slideshare.net,Female,visa-electron,,TRUE,FALSE,
Arthur,Hamilton,ahamilton2m@twitter.com,,americanexpress,$8.67,FALSE,TRUE,Dukuhsia
Marilyn,Willis,mwillis35@google.fr,,jcb,$1.15,TRUE,TRUE,Pechora
Julia,Fernandez,jfernandez38@oracle.com,Female,jcb,$9.15,FALSE,TRUE,Wushi
Samuel,,sreynolds3c@yellowpages.com,,,$5.92,FALSE,FALSE,Szczecin
Steve,,soliver3e@toplist.cz,Male,,$2.68,TRUE,TRUE,Tahoua
Terry,Reyes,treyes3q@biglobe.ne.jp,Male,mastercard,$9.76,FALSE,FALSE,Józefów
Ruby,,rmontgomery3t@oracle.com,Female,,$9.56,TRUE,TRUE,Voloshka
Mark,,mcole3x@theatlantic.com,,,$2.40,TRUE,FALSE,Jianfeng
Jane,Hill,jhill42@baidu.com,Female,maestro,$0.26,FALSE,TRUE,Złotów
,Jenkins,ljenkins45@alexa.com,Male,jcb,,FALSE,TRUE,
Ernest,Brown,ebrown48@flickr.com,,bankcard,$0.66,FALSE,FALSE,Zhukovskiy
,Robertson,brobertson4a@canalblog.com,Female,maestro,,FALSE,FALSE,
,Lane,mlane4c@vistaprint.com,Female,jcb,,FALSE,TRUE,
Harold,Castillo,hcastillo4k@webeden.co.uk,,china-unionpay,$0.43,TRUE,TRUE,Sukamaju
Jason,Jenkins,,Male,jcb,$4.14,FALSE,,Omuo-Ekiti
Kathy,Lewis,klewis4u@nih.gov,,bankcard,$6.84,TRUE,FALSE,Shangjia
Earl,,eramirez4v@bizjournals.com,Male,,$0.24,FALSE,TRUE,Paccha
Shirley,Carr,scarr4w@biglobe.ne.jp,Female,mastercard,$0.04,FALSE,FALSE,Trudobelikovskiy
Julia,Gomez,jgomez4y@phoca.cz,,diners-club-international,$1.58,TRUE,TRUE,Santa Rosa
Earl,,ewallace54@npr.org,Male,,$0.94,FALSE,TRUE,Wenxing
Elizabeth,,erodriguez5g@etsy.com,Female,,$6.84,FALSE,FALSE,Pivovarikha
Harry,,hsnyder5l@webmd.com,Male,,$6.30,FALSE,FALSE,Jiwei
Katherine,Simpson,ksimpson5n@yahoo.com,,americanexpress,$2.19,TRUE,FALSE,Göteborg
Edward,George,egeorge5o@theguardian.com,Male,jcb,$2.18,FALSE,FALSE,Shimorskoye
Benjamin,Spencer,bspencer67@slideshare.net,,diners-club-carte-blanche,$1.35,FALSE,TRUE,Otrokovice
Edward,Wallace,,Male,mastercard,$2.07,TRUE,,Guangsheng
Roy,Turner,rturner6d@storify.com,Male,jcb,$1.72,FALSE,FALSE,Shangmachang
Jason,George,jgeorge79@indiegogo.com,Male,maestro,$8.77,FALSE,TRUE,Bangelan
,Richardson,arichardson7e@zimbio.com,Male,jcb,,FALSE,FALSE,
,Kennedy,ckennedy7h@facebook.com,Male,china-unionpay,,TRUE,TRUE,
Eugene,Pierce,epierce7i@ebay.com,Male,mastercard,$4.21,FALSE,FALSE,Leidian
Timothy,Williamson,twilliamson7w@quantcast.com,,mastercard,$4.89,FALSE,TRUE,Apače
Judith,Kelley,,Female,switch,$5.01,TRUE,,Tazarine
Terry,Weaver,tweaver82@de.vu,Male,mastercard,$0.99,TRUE,TRUE,Kishk-e Nakhūd
Carl,Stone,cstone84@hud.gov,,jcb,$1.99,FALSE,TRUE,Revava
Ronald,Duncan,,Male,jcb,$9.53,TRUE,,São José de Mipibu
Antonio,Greene,agreene8c@joomla.org,Male,mastercard,$9.03,TRUE,FALSE,Sagarejo
Susan,Perry,sperry8m@bizjournals.com,Female,jcb,$4.73,TRUE,FALSE,Bratislava
Daniel,Hunt,dhunt8u@livejournal.com,,bankcard,$9.12,TRUE,TRUE,Liulihe
Jonathan,Hudson,,Male,bankcard,$4.24,FALSE,,Hongshanzui
Doris,Rose,,Female,jcb,$6.71,TRUE,,Cholet
Raymond,Burns,,Male,jcb,$7.83,FALSE,,Wāling
Philip,Wheeler,pwheeler9c@parallels.com,,china-unionpay,$9.52,TRUE,FALSE,Maojiagang
Jeremy,Wagner,jwagner9o@posterous.com,,jcb,$2.04,FALSE,FALSE,Piraí do Sul
Gregory,Stevens,gstevens9y@nih.gov,,jcb,$9.73,FALSE,FALSE,Masoli
,Ferguson,wfergusonaa@quantcast.com,Male,jcb,,TRUE,TRUE,
Cynthia,,cweaveraf@wunderground.com,Female,,$9.30,FALSE,FALSE,Matsumoto
Rose,Willis,rwillisai@chronoengine.com,Female,maestro,$8.31,TRUE,FALSE,Néa Vrasná
Catherine,King,ckingar@umich.edu,,jcb,$0.33,FALSE,FALSE,Carapelhos
Jose,,jriceba@apple.com,Male,,$0.05,TRUE,TRUE,Bettendorf
Wanda,Palmer,,Female,jcb,$7.40,TRUE,,Qingnianlu
Billy,Little,blittlebp@chron.com,Male,maestro,$7.28,TRUE,TRUE,Bolou
,Gonzales,,Male,jcb,,TRUE,,
Sean,Reynolds,sreynoldsbz@trellian.com,Male,visa-electron,$6.34,TRUE,TRUE,Mobile
Virginia,Pierce,vpiercec1@trellian.com,,diners-club-us-ca,$6.61,TRUE,FALSE,Mascouche
Jean,,jshawcc@geocities.com,Female,,$2.24,FALSE,TRUE,Fort Portal
Judy,,jlopezch@cafepress.com,Female,,$0.98,FALSE,TRUE,Yangsi
Justin,,jwilsoncv@twitpic.com,Male,,$6.84,TRUE,FALSE,Vřesina
Lori,,lromerocw@arizona.edu,Female,,$5.54,TRUE,TRUE,Songhu
Steven,Cunningham,scunninghamd4@cyberchimps.com,,jcb,$5.42,TRUE,FALSE,Vilar do Monte
Margaret,Jones,,Female,jcb,$6.09,FALSE,,La Unión
Joyce,,jhowelldp@about.com,Female,,$4.13,TRUE,TRUE,Mingyu
Lawrence,,lsimsdt@photobucket.com,Male,,$2.40,FALSE,TRUE,Huangdao
Kevin,Richardson,krichardsondv@utexas.edu,,bankcard,$6.64,TRUE,TRUE,Babakanbungur
Norma,,nbrowne0@mashable.com,Female,,$9.34,TRUE,FALSE,Sydney
,Welch,dwelche8@theatlantic.com,Female,mastercard,,TRUE,TRUE,
Denise,Perez,dpereze9@foxnews.com,,jcb,$0.13,TRUE,FALSE,Huping
Gloria,Martin,gmartinee@vimeo.com,,jcb,$8.83,TRUE,FALSE,Glatik
Johnny,,jsimpsoneg@ustream.tv,Male,,$3.19,TRUE,TRUE,Uryupinsk
Nicholas,Brooks,nbrooksf1@newsvine.com,Male,jcb,$5.94,FALSE,TRUE,Ban Lŭng
Nicholas,Morris,,Male,americanexpress,$9.59,FALSE,,Thành Phố Uông Bí
Phyllis,Dunn,pdunnf3@deviantart.com,Female,laser,$7.71,TRUE,FALSE,Ashikaga
Katherine,,kmendozafe@livejournal.com,Female,,$2.32,FALSE,TRUE,Wangdian
,Owens,aowensfg@tmall.com,Female,jcb,,TRUE,TRUE,
Linda,,lriverafh@xing.com,Female,,$0.92,FALSE,TRUE,Huajialing
,Lynch,clynchfn@pinterest.com,Male,americanexpress,,FALSE,TRUE,
Ruby,Miller,rmillerft@vistaprint.com,,jcb,$0.99,FALSE,TRUE,Poiares
Dorothy,Martin,dmartinfu@yahoo.com,Female,bankcard,$1.80,FALSE,FALSE,Tarnowskie Góry
Phyllis,Hill,phillfw@wordpress.org,Female,jcb,$5.35,TRUE,TRUE,Arujá
Phyllis,Jackson,pjacksong1@joomla.org,Female,instapayment,$9.67,TRUE,FALSE,Tonota
Helen,Alexander,halexanderg2@phpbb.com,Female,americanexpress,$5.70,TRUE,FALSE,Béziers
,Gardner,agardnerg7@weebly.com,Female,visa,,FALSE,TRUE,
Stephanie,,smendozag9@ihg.com,Female,,$4.13,TRUE,TRUE,Lanot
Robin,Rivera,rriveragb@google.fr,Female,laser,$4.05,TRUE,FALSE,Wosai
Christine,,cortizgg@angelfire.com,Female,,$2.41,FALSE,FALSE,Villa Nueva
Albert,,aportergk@mysql.com,Male,,$7.24,TRUE,FALSE,Nenotes
Annie,,afraziergm@wikia.com,Female,,$9.84,TRUE,FALSE,Sabang
Raymond,Lewis,rlewisgn@whitehouse.gov,Male,jcb,$2.58,TRUE,FALSE,Palestina
Jennifer,Willis,jwillisgu@bizjournals.com,Female,mastercard,$8.82,TRUE,TRUE,Daja
Doris,Burke,dburkegz@examiner.com,,jcb,$6.72,TRUE,TRUE,Zhangcunping
Henry,,hturnerh3@cnn.com,Male,,$1.01,FALSE,TRUE,Fresno
Susan,Ruiz,sruizh4@archive.org,Female,diners-club-carte-blanche,$1.79,TRUE,TRUE,Xixi
Justin,,jphillipsh7@businessweek.com,,,$4.24,TRUE,TRUE,Veltruby
Albert,,aromeroha@jugem.jp,Male,,$8.39,TRUE,FALSE,Pawili
Earl,Crawford,ecrawfordhe@rakuten.co.jp,Male,americanexpress,$3.66,TRUE,TRUE,Kyzyl-Kyya
Lori,Mills,lmillshj@scribd.com,,laser,$8.98,TRUE,FALSE,Ma‘arrat an Nu‘mān
Carolyn,Berry,cberryhn@list-manage.com,,jcb,$3.48,TRUE,FALSE,Gonzalo Pizarro
Susan,Porter,sporteri1@amazon.de,Female,jcb,$7.69,FALSE,TRUE,Jocón
Philip,,pporteri3@homestead.com,Male,,$7.46,FALSE,FALSE,Magitang
Carolyn,Rivera,criveraia@house.gov,Female,diners-club-carte-blanche,$3.41,TRUE,FALSE,Duodaoshi
,Ryan,bryanib@cnn.com,Female,visa-electron,,TRUE,TRUE,
Lori,Olson,lolsonie@people.com.cn,Female,mastercard,$6.09,FALSE,FALSE,San Fernando de Monte Cristi
Thomas,Wagner,,Male,jcb,$9.94,FALSE,,Perico
Christine,,cfergusoniq@e-recht24.de,Female,,$9.05,TRUE,TRUE,Keswick
Willie,Sims,wsimsis@jigsy.com,Male,switch,$6.65,FALSE,FALSE,Saransk
Jimmy,,jburkej8@miitbeian.gov.cn,Male,,$7.12,TRUE,TRUE,Luotuo
,Morales,,Male,mastercard,,TRUE,,
Sharon,Oliver,soliverjb@narod.ru,Female,visa-electron,$8.21,FALSE,TRUE,Comrat
Larry,Rice,lricejc@jimdo.com,Male,americanexpress,$9.42,FALSE,FALSE,Shanglu
Terry,Miller,tmillerjj@sogou.com,,china-unionpay,$2.41,TRUE,FALSE,Kongjiang
Juan,Welch,jwelchjm@vistaprint.com,,visa-electron,$8.94,FALSE,TRUE,Koroyo
Clarence,Butler,cbutlerjz@ycombinator.com,Male,jcb,$6.13,TRUE,FALSE,La Vega
Shirley,Richards,srichardskb@pbs.org,Female,visa-electron,$6.70,FALSE,FALSE,Zhoutian
Diana,Porter,,Female,bankcard,$4.39,TRUE,,Queimados
Andrew,,alaneke@ask.com,Male,,$2.72,FALSE,FALSE,Baltiysk
Heather,Mitchell,hmitchellkt@tumblr.com,Female,jcb,$5.14,FALSE,FALSE,Delodpeken
Ernest,Stanley,,,jcb,$8.84,TRUE,,Kademangan
Nicole,Gutierrez,ngutierrezl6@oakley.com,Female,jcb,$3.39,TRUE,TRUE,Eslāmābād
Lisa,Price,,Female,jcb,$2.13,FALSE,,Sundre
,Bowman,jbowmanlc@fc2.com,Female,instapayment,,FALSE,TRUE,
,Lewis,alewislf@sbwire.com,Female,bankcard,,FALSE,TRUE,
Peter,,pcarrolllr@163.com,Male,,$6.77,FALSE,TRUE,Puchong
Arthur,Gilbert,,Male,laser,$1.52,FALSE,,Zishan
,Berry,gberrylx@sourceforge.net,Male,jcb,,FALSE,TRUE,
Donald,Allen,dallenly@cmu.edu,,mastercard,$0.06,FALSE,FALSE,Villarrica
Melissa,Carr,mcarrm4@sohu.com,Female,diners-club-us-ca,$2.91,FALSE,FALSE,Mailsi
Brenda,,byoungm8@youtu.be,Female,,$4.71,FALSE,FALSE,Sinjai
Antonio,Burke,aburkemb@java.com,Male,jcb,$5.27,FALSE,TRUE,Ekerö
Randy,Gilbert,rgilbertml@cyberchimps.com,Male,instapayment,$9.35,FALSE,FALSE,Clermont-Ferrand
Ruby,Scott,rscottmw@e-recht24.de,,jcb,$7.16,FALSE,FALSE,Zhangshui
Jesse,Rivera,,Male,jcb,$8.12,TRUE,,Boršice
,Alvarez,galvareznb@harvard.edu,Female,mastercard,,TRUE,TRUE,
Randy,,rbellnc@theatlantic.com,Male,,$1.82,FALSE,FALSE,Kuala Lumpur
Jessica,Taylor,jtaylornl@sciencedirect.com,Female,mastercard,$5.67,FALSE,FALSE,Kenyau
Robert,Tucker,rtuckernm@digg.com,Male,jcb,$2.66,FALSE,FALSE,Kongkeshu
Bruce,Ruiz,bruiznr@forbes.com,Male,visa-electron,$4.55,FALSE,TRUE,Huangtudian
Sarah,Meyer,smeyerog@amazon.de,,jcb,$7.51,TRUE,FALSE,Sa‘sa‘
Howard,Lee,hleeoh@berkeley.edu,,jcb,$3.10,FALSE,TRUE,Parumasan
Samuel,Stevens,sstevensol@google.de,,diners-club-enroute,$5.61,TRUE,TRUE,Prakhon Chai
Daniel,Lynch,,Male,americanexpress,$7.64,TRUE,,Hufang
Tina,Welch,,Female,jcb,$3.17,FALSE,,Hejiaping
Stephen,Stevens,sstevenspd@wp.com,,jcb,$7.14,FALSE,FALSE,Chodová Planá
Henry,,hreidph@jugem.jp,Male,,$7.88,FALSE,TRUE,Sila Lat
Barbara,Stephens,bstephenspj@businessweek.com,Female,maestro,$5.22,TRUE,FALSE,Afonsoeiro
Mildred,Frazier,mfrazierpk@squarespace.com,Female,diners-club-carte-blanche,$8.65,FALSE,FALSE,Jinjiahe
Jacqueline,Hansen,jhansenpp@sun.com,Female,switch,$5.18,FALSE,TRUE,Quirinópolis
Adam,Simmons,asimmonspr@mlb.com,Male,china-unionpay,$5.01,FALSE,FALSE,Junyang
Carl,Marshall,,Male,maestro,$0.00,TRUE,,Gaozhou
Pamela,Frazier,pfrazierq2@qq.com,Female,jcb,$9.64,TRUE,FALSE,Río Sereno
Phillip,,pmillsq7@phpbb.com,Male,,$4.69,FALSE,FALSE,Selenicë
Dorothy,,dgarciaqb@liveinternet.ru,Female,,$4.91,TRUE,FALSE,Tovarnik
Anna,Russell,,Female,bankcard,$5.48,TRUE,,Bishan
Julie,Dunn,jdunnql@google.pl,Female,americanexpress,$8.19,TRUE,FALSE,Zaozerne
Peter,Ward,,Male,laser,$4.94,FALSE,,Santa Cruz La Laguna
Ronald,Harper,,Male,maestro,$4.47,TRUE,,Krajan
Tammy,,tjordanqz@sohu.com,Female,,$4.85,TRUE,TRUE,Barrī ash Sharqī
Denise,Gibson,dgibsonr3@naver.com,Female,instapayment,$4.96,FALSE,FALSE,Loznitsa
Harry,King,hkingr4@mozilla.org,,americanexpress,$3.08,FALSE,TRUE,Áyios Yeóryios
Martha,Collins,mcollinsr5@surveymonkey.com,,jcb,$4.70,FALSE,FALSE,Łubniany
Albert,,apalmerr7@etsy.com,Male,,$1.20,FALSE,TRUE,La Clotilde
Angela,,ahernandezre@printfriendly.com,,,$5.21,TRUE,FALSE,Rancabugel
Nicholas,Knight,nknightri@g.co,Male,diners-club-us-ca,$2.67,TRUE,FALSE,Kutapanjang
Martin,Romero,mromerork@blogtalkradio.com,Male,diners-club-carte-blanche,$2.31,FALSE,TRUE,Novovarshavka
Janice,Myers,,Female,jcb,$7.84,FALSE,,Sydney
Scott,Patterson,,Male,americanexpress,$4.48,TRUE,,Yintang
,,jedwardsrr@1und1.de,,,,TRUE,TRUE,
Jason,,jstone0@un.org,Male,,$6.89,TRUE,FALSE,Hetan
Gary,Mccoy,gmccoy9@newyorker.com,Male,diners-club-carte-blanche,$2.85,FALSE,FALSE,Chemnitz
Deborah,Gonzalez,,Female,bankcard,$1.21,TRUE,,Cincinnati
Kathleen,,kbarnese@symantec.com,Female,,$3.34,TRUE,FALSE,Tiron
Jeremy,Knight,,Male,jcb,$1.68,FALSE,,Beizi
Tina,Ortiz,,Female,jcb,$6.29,TRUE,,Ocote Paulino
Mary,West,mwest12@joomla.org,Female,diners-club-enroute,$7.24,TRUE,TRUE,Yingjiang
Jesse,Chavez,jchavez14@google.com.au,,switch,$1.26,TRUE,TRUE,Cinyawang
Jacqueline,Sims,,Female,maestro,$3.00,TRUE,,Grenoble
Carolyn,Graham,cgraham1b@google.it,Female,visa,$1.55,FALSE,TRUE,Liqiao
Anne,,awalker1g@yahoo.co.jp,Female,,$5.17,TRUE,FALSE,Bhāi Pheru
Sara,Mason,smason1m@macromedia.com,,visa-electron,$5.04,TRUE,TRUE,Novo-Nikol’skoye
Heather,Morgan,hmorgan1r@howstuffworks.com,Female,bankcard,$4.88,FALSE,TRUE,Santa María Ixhuatán
Frank,Webb,fwebb24@indiegogo.com,Male,jcb,$1.04,TRUE,TRUE,Manhan
Eugene,Fowler,,Male,jcb,$8.69,TRUE,,Quibdó
Paul,Hudson,,,china-unionpay,$0.85,TRUE,,Ruangwa
Anne,Wright,awright2e@archive.org,Female,americanexpress,$3.70,FALSE,FALSE,Wuyang
Sean,Williamson,swilliamson2f@reuters.com,,jcb,$0.13,FALSE,TRUE,Saint-Marcellin
Jason,Davis,,Male,diners-club-enroute,$2.79,TRUE,,Hobonio
Alice,Mendoza,amendoza31@huffingtonpost.com,Female,visa,$3.07,FALSE,TRUE,Rizal
Janice,Gordon,jgordon3d@t-online.de,Female,diners-club-carte-blanche,$0.95,TRUE,FALSE,Rixi
Timothy,Thompson,tthompson3u@soup.io,,maestro,$6.24,TRUE,TRUE,Gembu
Michael,Robertson,mrobertson3y@apache.org,,jcb,$7.14,TRUE,FALSE,Lisków
Charles,,cburton43@tiny.cc,Male,,$9.52,TRUE,TRUE,Butare
,Cooper,kcooper4h@nih.gov,Male,laser,,TRUE,TRUE,
Roger,Wilson,,Male,jcb,$6.71,FALSE,,Limache
Dorothy,,dgordon4q@1688.com,Female,,$3.55,TRUE,FALSE,Nakhon Pathom
Tammy,Medina,,Female,jcb,$2.72,TRUE,,Konibodom
Gary,Chapman,gchapman4w@npr.org,Male,jcb,$1.94,TRUE,TRUE,Keruguya
Doris,Wagner,,Female,diners-club-carte-blanche,$2.27,TRUE,,Syntul
,Cooper,dcooper54@hhs.gov,Female,jcb,,TRUE,FALSE,
Jeremy,Hall,jhall58@hostgator.com,Male,switch,$5.51,TRUE,TRUE,Lefkímmi
Cynthia,Martinez,cmartinez59@upenn.edu,,switch,$2.67,FALSE,TRUE,Jidong
Diane,Freeman,dfreeman5g@oaic.gov.au,Female,jcb,$6.82,TRUE,FALSE,Старо Нагоричане
Melissa,,mellis5i@histats.com,Female,,$1.94,FALSE,FALSE,Blagoveshchensk
Ashley,,ayoung5o@mail.ru,Female,,$0.48,FALSE,TRUE,Slovenski Javornik
Kevin,,kbradley5r@nhs.uk,Male,,$9.58,TRUE,FALSE,Ticaco
Sara,James,sjames5w@pinterest.com,,jcb,$0.88,TRUE,TRUE,Brooklyn
Kimberly,,kellis67@usatoday.com,Female,,$3.48,TRUE,FALSE,Brdów
David,,dnelson6e@histats.com,Male,,$4.61,FALSE,TRUE,Itéa
Edward,,ecox6f@delicious.com,Male,,$9.12,FALSE,TRUE,Binhailu
,Perry,jperry6m@utexas.edu,Male,switch,,TRUE,TRUE,
,Alvarez,kalvarez6o@hud.gov,Female,jcb,,TRUE,FALSE,
Harry,,hramos6q@whitehouse.gov,Male,,$8.99,TRUE,FALSE,Infanta
Ann,Jackson,ajackson6u@yahoo.co.jp,Female,laser,$0.76,FALSE,TRUE,Pinrang
Roger,Anderson,randerson71@nyu.edu,Male,switch,$0.50,FALSE,FALSE,Blokdesa Situgede
Steven,Wilson,,Male,jcb,$0.97,TRUE,,Langue
Lillian,Gonzalez,lgonzalez75@usatoday.com,,visa-electron,$3.37,FALSE,FALSE,Chai Nat
Dennis,,dlarson77@wix.com,,,$9.70,TRUE,TRUE,Mýki
,,kgordon78@infoseek.co.jp,Male,,,FALSE,FALSE,
Jennifer,Watkins,jwatkins7b@odnoklassniki.ru,Female,jcb,$9.79,TRUE,FALSE,Václavovice
Gloria,Ruiz,,Female,china-unionpay,$9.41,TRUE,,Borås
Doris,Cook,dcook84@quantcast.com,Female,jcb,$4.47,FALSE,TRUE,Timon
Cheryl,Spencer,cspencer86@imgur.com,Female,jcb,$0.95,FALSE,TRUE,Indaiatuba
Kenneth,,kward8e@umn.edu,Male,,$3.06,TRUE,FALSE,Patrocínio
Jeremy,Coleman,,Male,laser,$4.79,TRUE,,Napnapan
Teresa,Ortiz,tortiz8x@webs.com,Female,jcb,$6.60,FALSE,TRUE,Val-de-Reuil
Linda,Andrews,landrews94@booking.com,,switch,$9.14,FALSE,FALSE,Mahong
Beverly,,bstephens9i@diigo.com,Female,,$8.46,FALSE,FALSE,San Jerónimo
Sara,,shart9o@mac.com,Female,,$0.46,FALSE,FALSE,Kíti
,Tucker,jtucker9p@accuweather.com,Female,mastercard,,FALSE,TRUE,
Tammy,Lynch,tlynch9y@tripadvisor.com,,switch,$3.22,FALSE,TRUE,Cockburn Town
Lillian,Adams,ladamsa9@infoseek.co.jp,,jcb,$9.93,TRUE,FALSE,Arapiraca
Laura,Wells,,Female,jcb,$8.04,FALSE,,Tiên Lãng
Marilyn,Richards,mrichardsat@qq.com,Female,jcb,$1.58,TRUE,FALSE,Zhouhe
Juan,,jgrahamb8@bizjournals.com,Male,,$6.34,FALSE,FALSE,Baganhilir
Kenneth,,kdiazbe@slashdot.org,Male,,$9.70,TRUE,FALSE,Albert Town
Marie,Hicks,mhicksbh@example.com,,visa,$6.34,TRUE,FALSE,Mianduhe
Phillip,Turner,pturnerbw@dropbox.com,,jcb,$5.20,FALSE,TRUE,Huoshaoping
Kathleen,,kwhitec0@photobucket.com,Female,,$8.21,TRUE,FALSE,Ústí nad Labem
Ruth,Ray,rrayc3@sakura.ne.jp,Female,china-unionpay,$4.52,TRUE,TRUE,Pa Kham
Betty,Stevens,bstevensc4@cbsnews.com,,visa,$2.35,TRUE,TRUE,Bothaville
,Ramos,jramosc5@people.com.cn,Male,jcb,,TRUE,FALSE,
Samuel,,sfergusoncf@simplemachines.org,Male,,$6.52,FALSE,FALSE,Santa Nino
Robin,Stephens,rstephensck@com.com,Female,diners-club-us-ca,$5.27,FALSE,TRUE,Matadi
Linda,Harris,,Female,jcb,$5.06,TRUE,,Isfahan
,Hamilton,hhamiltoncp@clickbank.net,Male,diners-club-carte-blanche,,TRUE,FALSE,
Melissa,,mgarzacx@ustream.tv,Female,,$5.00,TRUE,TRUE,Garawati
Walter,,wwarrend0@msu.edu,Male,,$9.15,FALSE,TRUE,Tierra y Libertad
,Black,ablackdb@freewebs.com,Male,switch,,TRUE,FALSE,
Norma,Black,nblackdf@xing.com,,jcb,$9.09,FALSE,TRUE,Fès
Terry,Turner,tturnerdh@nifty.com,Male,americanexpress,$7.22,TRUE,TRUE,Georgiyevsk
Carol,Richardson,crichardsondl@sciencedirect.com,Female,jcb,$6.52,FALSE,FALSE,Köneürgench
,Turner,jturnerdm@icq.com,Male,jcb,,TRUE,TRUE,
Jesse,,jturnerdo@nbcnews.com,Male,,$8.45,TRUE,TRUE,Youxi Chengguanzhen
Janice,Bell,jbellds@twitter.com,Female,jcb,$1.02,FALSE,FALSE,Milwaukee
Patricia,,pcruzdx@dell.com,Female,,$1.69,TRUE,TRUE,Napu
Billy,,brileye1@freewebs.com,Male,,$6.89,FALSE,FALSE,União
Norma,,nblacke6@e-recht24.de,Female,,$5.25,TRUE,FALSE,Jalal-Abad
Patrick,,prossed@cloudflare.com,Male,,$9.30,TRUE,TRUE,Ōtawara
Louise,,lwilliseg@exblog.jp,Female,,$2.71,FALSE,TRUE,Niverville
Kevin,Bailey,kbaileyem@fc2.com,,americanexpress,$4.86,FALSE,FALSE,Tunal
Victor,Mills,vmillsen@nps.gov,Male,jcb,$9.50,FALSE,FALSE,Jūrīsh
Ernest,Davis,,Male,diners-club-carte-blanche,$9.35,TRUE,,Verin Artashat
Louis,Fisher,lfisherf1@e-recht24.de,Male,jcb,$5.03,FALSE,TRUE,Reykjanesbær
Gregory,Martinez,gmartinezf2@mapquest.com,Male,mastercard,$1.69,TRUE,TRUE,El Ksour
Samuel,Moore,smooref4@ihg.com,Male,jcb,$0.02,TRUE,FALSE,Mercedes
Andrew,Wood,awoodf8@php.net,Male,maestro,$6.33,TRUE,FALSE,Zlataritsa
Todd,,twoodfe@amazon.co.jp,Male,,$0.68,FALSE,FALSE,Pangkalan Kasai
Jimmy,,jalvarezfi@so-net.ne.jp,Male,,$6.63,TRUE,TRUE,Nixi
Sarah,Dean,sdeanfj@cargocollective.com,Female,diners-club-carte-blanche,$4.22,FALSE,TRUE,Delães
Tammy,,tmccoyft@dailymail.co.uk,Female,,$6.31,TRUE,TRUE,Pyrgetós
Kevin,Welch,kwelchfv@goo.gl,,jcb,$5.53,FALSE,FALSE,Yubileynyy
Bonnie,Perry,bperrygb@amazon.com,,mastercard,$5.49,TRUE,TRUE,Szydłowo
Stephanie,,skinggd@huffingtonpost.com,,,$4.14,TRUE,FALSE,Ar Rawḑah
Frances,Freeman,ffreemango@macromedia.com,Female,maestro,$9.90,TRUE,FALSE,Żurowa
Andrew,,acarrollgp@netlog.com,Male,,$2.56,TRUE,FALSE,Pital
Sara,Simmons,ssimmonsgq@tripadvisor.com,Female,jcb,$7.61,TRUE,TRUE,Popayán
Anna,Armstrong,aarmstronggs@who.int,,jcb,$4.73,TRUE,FALSE,Pretana
Marilyn,Richardson,mrichardsongz@mayoclinic.com,,jcb,$7.85,TRUE,FALSE,Daciyao
Matthew,Crawford,mcrawfordh1@elpais.com,Male,jcb,$5.34,TRUE,TRUE,Chervyen’
Kathryn,Long,klongh6@rambler.ru,Female,switch,$8.40,FALSE,FALSE,Lulindi
Jimmy,,jricehe@ask.com,Male,,$8.03,FALSE,FALSE,Gandiaye
Tina,Campbell,tcampbellhp@liveinternet.ru,Female,americanexpress,$0.77,FALSE,FALSE,Xiaozhang
,Woods,jwoodshv@msu.edu,Male,americanexpress,,TRUE,FALSE,
Theresa,Robertson,,Female,laser,$5.18,FALSE,,Mežica
Jennifer,Webb,jwebbhz@edublogs.org,Female,switch,$7.54,TRUE,FALSE,Chengxi
Anthony,Carpenter,,Male,visa,$7.86,TRUE,,Lianghe
Lawrence,,ladamsi3@mail.ru,Male,,$4.48,FALSE,FALSE,Jiru
Matthew,Morris,mmorrisi8@techcrunch.com,Male,maestro,$9.65,TRUE,FALSE,Shibīn al Kawm
Bobby,Lawrence,,Male,maestro,$1.71,FALSE,,Marina
Ernest,Moreno,,Male,visa-electron,$1.50,FALSE,,Pithári
Gary,Coleman,gcolemanih@bravesites.com,,jcb,$5.69,TRUE,TRUE,Kävlinge
Harold,Moore,hmooreip@stumbleupon.com,,switch,$1.28,FALSE,TRUE,Sergach
Mary,Green,mgreeniq@oakley.com,,jcb,$0.55,FALSE,FALSE,Himaya
Evelyn,,egarzaj2@phpbb.com,Female,,$8.37,TRUE,FALSE,Qindu
Aaron,Gutierrez,agutierrezj5@patch.com,,bankcard,$1.81,FALSE,TRUE,Shanling
,Perez,wperezjd@answers.com,Male,jcb,,FALSE,FALSE,
Terry,,tstephensjq@mozilla.org,Male,,$8.17,TRUE,TRUE,Uherce Mineralne
Anne,Jordan,,Female,jcb,$2.47,TRUE,,Cadagmayan Norte
Laura,,lthompsonk3@plala.or.jp,Female,,$5.33,FALSE,TRUE,Agía Foteiní
Ralph,,rhenryk5@comcast.net,Male,,$2.06,TRUE,FALSE,Puerto Tejada
Timothy,Ellis,,Male,jcb,$4.67,FALSE,,Vinež
Juan,James,jjamesk9@cnbc.com,Male,jcb,$7.14,FALSE,FALSE,Mekkaw
Lori,Harrison,,Female,diners-club-enroute,$5.62,TRUE,,Tuzhu
Gerald,Stone,gstonekj@webnode.com,Male,maestro,$4.91,TRUE,TRUE,Ilovka
Scott,Williamson,swilliamsonky@over-blog.com,Male,bankcard,$2.64,TRUE,FALSE,Thị Trấn Quán Lào
Ralph,,rburkekz@wp.com,Male,,$2.36,TRUE,TRUE,Barvinkove
Jonathan,Cox,,Male,jcb,$2.77,TRUE,,Burla
Stephanie,,smurraylc@sogou.com,Female,,$8.51,TRUE,TRUE,Limeira
Frank,Hernandez,fhernandezlf@ameblo.jp,Male,visa,$8.37,FALSE,FALSE,Junglinster
Jimmy,Williamson,jwilliamsonln@ask.com,,diners-club-enroute,$8.51,TRUE,FALSE,Baolong
Shirley,Olson,solsonlo@goodreads.com,Female,diners-club-enroute,$5.51,FALSE,TRUE,Moravče
Chris,,,Male,,$9.76,TRUE,,Aurora
Donald,Williams,dwilliamsm1@ucoz.com,Male,visa-electron,$3.41,FALSE,TRUE,Pattani
Victor,,vmartinm2@myspace.com,Male,,$9.84,TRUE,FALSE,Chongjin
Jeffrey,Cunningham,jcunninghamm6@amazon.co.uk,,jcb,$5.79,TRUE,FALSE,San Juan del Cesar
Adam,Bishop,abishopm7@tinyurl.com,Male,instapayment,$5.01,FALSE,TRUE,Shizunai-furukawachō
John,Perkins,jperkinsm8@csmonitor.com,,mastercard,$6.06,FALSE,TRUE,Montréal-Ouest
Heather,Wright,hwrightm9@vkontakte.ru,Female,jcb,$5.18,TRUE,TRUE,Prosyana
Carl,Harper,,Male,jcb,$5.49,FALSE,,Guaymango
Julie,Graham,jgrahammm@blog.com,,mastercard,$7.33,TRUE,TRUE,Kedungdoro
Andrea,,acolemn@unblog.fr,Female,,$3.82,FALSE,TRUE,Kardamás
Jeremy,Duncan,,Male,jcb,$5.26,TRUE,,Chon Buri
Dennis,Romero,dromeromx@psu.edu,Male,diners-club-carte-blanche,$1.17,FALSE,FALSE,Baiyinnuole
Roy,Edwards,redwardsmy@nationalgeographic.com,Male,jcb,$0.78,FALSE,FALSE,New Cebu
Anne,Wagner,,Female,mastercard,$2.40,FALSE,,Cantao-an
,Moreno,gmorenonm@google.com.hk,Female,china-unionpay,,TRUE,TRUE,
Steven,Elliott,selliottnv@forbes.com,Male,mastercard,$0.58,FALSE,TRUE,Hushan
Craig,Tucker,,Male,instapayment,$7.09,FALSE,,Dezhou
,Harris,lharriso1@mozilla.org,Male,jcb,,TRUE,TRUE,
,Fernandez,rfernandezo6@wix.com,Male,china-unionpay,,FALSE,FALSE,
Mildred,Burton,,Female,jcb,$5.23,TRUE,,Lifuta
Eugene,Alvarez,ealvarezok@whitehouse.gov,Male,jcb,$6.50,TRUE,FALSE,Chapultepec
William,Fields,,Male,china-unionpay,$9.06,FALSE,,Cinyasag
Robin,,rmedinaon@census.gov,Female,,$7.57,FALSE,FALSE,Segezha
Lisa,Stevens,lstevensoq@apple.com,,jcb,$8.82,TRUE,FALSE,Santa Ana
Benjamin,Fuller,bfullerow@bbb.org,Male,jcb,$4.78,FALSE,TRUE,Hebu
Catherine,,cgonzalezp0@hhs.gov,Female,,$2.98,TRUE,TRUE,Fengshan
Melissa,Nguyen,,Female,americanexpress,$6.30,FALSE,,Pak Phanang
Karen,,knicholspm@google.co.uk,Female,,$7.77,TRUE,TRUE,Kayakent
Sarah,,sperezpw@about.com,Female,,$7.23,FALSE,TRUE,Ikhtiman
Earl,Thomas,,,jcb,$8.17,FALSE,,Sekondi-Takoradi
Arthur,,astoneq0@cbc.ca,Male,,$7.43,TRUE,TRUE,Jiangning
Debra,Sanders,dsandersqe@friendfeed.com,Female,mastercard,$7.05,FALSE,FALSE,Aldeia da Bela Vista
,Jacobs,wjacobsqf@epa.gov,Male,jcb,,FALSE,FALSE,
Justin,Hudson,jhudsonqu@comcast.net,,jcb,$6.48,FALSE,FALSE,Salgar
Harold,,hwestqv@stanford.edu,Male,,$5.55,TRUE,FALSE,São Miguel do Iguaçu
Christina,,cwrightqy@netlog.com,Female,,$9.98,TRUE,FALSE,Alīpur
Evelyn,Tucker,etuckerr3@epa.gov,Female,jcb,$9.95,TRUE,TRUE,Laweueng
Jacqueline,,jsmithr7@cpanel.net,Female,,$5.47,TRUE,FALSE,Dežanovac
Joseph,Ramirez,jramirezrc@gov.uk,Male,jcb,$3.82,TRUE,TRUE,Téra
,Howard,khowardrh@un.org,Male,jcb,,FALSE,TRUE,
Mark,Taylor,mtaylorri@arizona.edu,Male,visa-electron,$0.04,TRUE,TRUE,Krynice
Diana,Jordan,,Female,bankcard,$5.98,TRUE,,Kradinan
Albert,,areedrl@cdc.gov,Male,,$8.69,FALSE,FALSE,Mawu
Kimberly,Long,klong4@bbb.org,Female,maestro,$0.63,FALSE,TRUE,Hongjiang
Juan,Carroll,jcarroll7@marriott.com,,diners-club-enroute,$5.47,TRUE,FALSE,Lagodekhi
Eric,Brown,ebrownb@ustream.tv,,diners-club-carte-blanche,$1.10,FALSE,FALSE,Nuevitas
Kathy,Gibson,kgibsonk@ycombinator.com,,jcb,$6.91,FALSE,TRUE,Llipa
Amy,Fox,afoxn@nba.com,Female,switch,$0.90,TRUE,FALSE,Ludgeřovice
Dennis,,dcarpenterp@hud.gov,Male,,$2.98,FALSE,FALSE,Igarapé Açu
,Riley,drileyv@oaic.gov.au,Female,jcb,,FALSE,TRUE,
James,Reed,jreedx@shinystat.com,Male,jcb,$4.15,FALSE,TRUE,Ust’-Omchug
,Richardson,brichardsonz@bandcamp.com,Male,mastercard,,TRUE,FALSE,
Doris,,dmills14@reference.com,Female,,$8.51,TRUE,FALSE,Miguel Hidalgo
Albert,Rose,arose1k@archive.org,Male,jcb,$5.53,FALSE,TRUE,Šentilj v Slov. Goricah
Louise,Bailey,lbailey1r@uiuc.edu,,jcb,$7.18,TRUE,FALSE,Örebro
Paul,,pruiz1u@amazon.co.uk,Male,,$0.22,FALSE,TRUE,Agustín Codazzi
,Knight,gknight1y@freewebs.com,Male,solo,,TRUE,TRUE,
Jeremy,Morris,,Male,jcb,$2.38,TRUE,,Mossel Bay
Jane,,jmoore27@oracle.com,Female,,$8.97,FALSE,FALSE,Licheng
Angela,Duncan,,Female,jcb,$5.73,TRUE,,Banff
Mildred,Fowler,mfowler2i@marriott.com,Female,jcb,$5.02,TRUE,TRUE,Vokhaïkó
Earl,Myers,emyers2j@people.com.cn,Male,jcb,$6.27,TRUE,TRUE,Plateliai
Debra,Greene,dgreene39@cafepress.com,,jcb,$0.10,FALSE,TRUE,Buštěhrad
Patrick,Armstrong,parmstrong3c@lycos.com,Male,jcb,$7.68,FALSE,TRUE,Meijiang
Charles,,ctucker3f@amazonaws.com,Male,,$4.03,TRUE,TRUE,Ljubno ob Savinji
Todd,Murphy,tmurphy3j@nasa.gov,Male,maestro,$0.60,FALSE,TRUE,Toulouse
Eric,Evans,eevans3q@google.ru,Male,visa,$8.13,FALSE,TRUE,Asia
Cynthia,,cromero3s@ucoz.com,Female,,$3.93,TRUE,TRUE,Gilowice
Paul,Sanchez,psanchez41@ezinearticles.com,,jcb,$9.15,FALSE,FALSE,Santiago
Brandon,Chavez,bchavez42@stumbleupon.com,,mastercard,$6.33,FALSE,TRUE,Mzimba
Gloria,Schmidt,,Female,instapayment,$9.02,FALSE,,Nangan
Billy,,btaylor4f@theatlantic.com,Male,,$8.43,TRUE,TRUE,Miaoquan
Joyce,,jperry4i@marriott.com,Female,,$3.66,TRUE,TRUE,Nioumamilima
Phillip,Owens,powens4o@twitpic.com,,bankcard,$6.46,FALSE,FALSE,Bāfq
Ralph,Tucker,,Male,visa-electron,$8.77,FALSE,,Itaocara
Bruce,,balvarez53@yahoo.com,Male,,$6.96,TRUE,FALSE,Forquilhinha
Jeremy,,jbowman59@fema.gov,Male,,$1.48,FALSE,FALSE,Jintan
Michelle,Stone,,Female,mastercard,$8.92,FALSE,,Oskarshamn
Debra,Morgan,,Female,china-unionpay,$7.76,FALSE,,Okanagan
Kathleen,,,Female,,$6.72,TRUE,,Timashëvsk
Carolyn,,cmontgomery5t@unesco.org,Female,,$5.70,FALSE,FALSE,Hejiayan
Antonio,Richards,arichards61@bloomberg.com,,visa,$1.17,FALSE,TRUE,Sumuran
Alice,Johnston,ajohnston63@squarespace.com,Female,jcb,$5.92,FALSE,FALSE,Yi’an
Mildred,,mvasquez6b@quantcast.com,Female,,$9.13,FALSE,FALSE,Derjan
Joe,,jgibson6g@ibm.com,,,$6.40,FALSE,TRUE,Medang
Sarah,Daniels,sdaniels6i@oaic.gov.au,Female,mastercard,$5.31,TRUE,FALSE,Huddinge
Joan,James,jjames6j@rakuten.co.jp,,maestro,$9.24,FALSE,FALSE,Mingshuihe
Ruth,Banks,,Female,jcb,$0.88,TRUE,,Shūkat aş Şūfī
Anna,Reed,areed6q@nih.gov,Female,mastercard,$8.70,TRUE,FALSE,Nyuksenitsa
Virginia,Nguyen,vnguyen7b@narod.ru,Female,jcb,$7.34,FALSE,TRUE,P’rimorsk’oe
Roger,,rtorres7d@blogtalkradio.com,Male,,$4.97,FALSE,TRUE,Pho Thale
Andrea,Sanders,asanders7i@gizmodo.com,Female,americanexpress,$3.12,TRUE,TRUE,Rosh Ha‘Ayin
,Ellis,jellis7l@npr.org,Female,bankcard,,TRUE,TRUE,
Martin,Hawkins,mhawkins7s@live.com,Male,jcb,$5.95,TRUE,TRUE,Ordzhonikidzevskaya
Brian,Jackson,bjackson7t@epa.gov,,jcb,$8.14,TRUE,FALSE,Štitar
Matthew,Baker,mbaker80@tamu.edu,Male,jcb,$3.85,TRUE,TRUE,Yangzi
Teresa,,twashington83@whitehouse.gov,Female,,$5.98,TRUE,TRUE,Xiping
,,fcox8c@ebay.co.uk,,,,FALSE,FALSE,
Daniel,,dhenry8n@youku.com,Male,,$2.62,TRUE,TRUE,Pokhvistnevo
,Ellis,bellis8q@ovh.net,Male,jcb,,FALSE,FALSE,
Cheryl,Jenkins,cjenkins8u@google.nl,,jcb,$4.25,FALSE,TRUE,Parung
Jonathan,,jmartinez90@huffingtonpost.com,Male,,$3.64,TRUE,TRUE,Al Fūlah
,Harper,fharper93@booking.com,Female,laser,,TRUE,TRUE,
Antonio,,,Male,,$7.47,TRUE,,Campoalegre
Ernest,Hamilton,ehamilton9q@webs.com,Male,instapayment,$9.49,TRUE,FALSE,Baharly
Michelle,Watkins,,Female,mastercard,$8.89,FALSE,,Passos
Jesse,Green,jgreenaw@g.co,,jcb,$3.72,TRUE,FALSE,Spring
Michael,Carpenter,mcarpenterb3@wsj.com,Male,mastercard,$4.68,FALSE,TRUE,Pinheiros
Ruby,Fowler,rfowlerbb@eventbrite.com,,jcb,$9.59,FALSE,FALSE,Shigutang
Howard,,hlittlebk@livejournal.com,Male,,$3.99,TRUE,TRUE,Xinzhuang
Michael,,mfowlerbs@vimeo.com,Male,,$0.97,TRUE,FALSE,Castêlo
Roger,Dean,rdeanbt@ameblo.jp,,mastercard,$5.01,FALSE,TRUE,Ağdaş
,Reid,kreidbx@networksolutions.com,Male,jcb,,FALSE,FALSE,
Elizabeth,Wheeler,ewheelerbz@canalblog.com,,maestro,$7.71,TRUE,FALSE,Magugu
Raymond,,rmorrisonc0@nasa.gov,Male,,$6.31,FALSE,TRUE,San Andres
Martin,,mcastilloc1@multiply.com,Male,,$5.09,FALSE,TRUE,Castelnaudary
Emily,Gonzales,egonzalesc2@hud.gov,Female,diners-club-enroute,$6.32,FALSE,FALSE,Panimbang
,Wallace,lwallacecc@nhs.uk,Female,mastercard,,FALSE,FALSE,
Teresa,,tshawcq@google.co.jp,Female,,$3.57,FALSE,TRUE,P’rimorsk’oe
David,Johnston,djohnstond3@prlog.org,Male,solo,$4.68,TRUE,TRUE,Gordeyevka
Joe,Shaw,jshawd5@ucla.edu,,maestro,$5.28,FALSE,TRUE,Yuxi
Judy,,jryandl@wiley.com,Female,,$7.38,TRUE,FALSE,Gbadolite
Fred,Kelley,,Male,visa-electron,$3.21,TRUE,,Mercedes
Ronald,Simmons,rsimmonsdo@amazon.de,,mastercard,$3.31,FALSE,FALSE,Wotho
Samuel,Willis,swillisdq@smugmug.com,Male,jcb,$0.34,FALSE,FALSE,Fangzheng
,Castillo,,Female,jcb,,FALSE,,
Bruce,,btorresdw@unicef.org,Male,,$4.41,TRUE,TRUE,Las Vegas
Alan,Frazier,afraziere2@photobucket.com,Male,mastercard,$5.35,FALSE,TRUE,Razumnoye
Roger,,rlewiseb@de.vu,,,$6.98,FALSE,FALSE,Mirošov
Marilyn,Murray,mmurrayel@scientificamerican.com,,jcb,$7.08,FALSE,TRUE,Avaré
Kathryn,Morris,kmorrisen@lulu.com,,instapayment,$5.49,FALSE,TRUE,Shouyan
Pamela,King,pkingeq@stanford.edu,Female,laser,$5.07,FALSE,TRUE,Suyang
Kevin,,karmstrongeu@cpanel.net,Male,,$3.66,TRUE,FALSE,Botoh
Fred,,frayf0@sourceforge.net,Male,,$9.89,FALSE,FALSE,Hukeng
Anne,Morgan,amorganf1@mail.ru,Female,americanexpress,$2.37,FALSE,FALSE,Jakubów
Billy,Matthews,bmatthewsf5@t.co,,laser,$1.46,FALSE,TRUE,Brikama
,Russell,nrussellf6@ameblo.jp,Female,jcb,,TRUE,TRUE,
Doris,Mccoy,dmccoyfe@gmpg.org,,bankcard,$0.08,FALSE,FALSE,Kościelec
Christopher,Medina,cmedinafq@hostgator.com,Male,jcb,$0.97,FALSE,FALSE,Jām Sāhib
Martin,Crawford,mcrawfordg3@free.fr,Male,jcb,$3.65,TRUE,FALSE,Madīnat ‘Īsá
Gloria,Russell,grussellg8@nba.com,Female,jcb,$0.83,TRUE,TRUE,Yangjia
,Taylor,mtaylorg9@scientificamerican.com,Male,jcb,,TRUE,FALSE,
Russell,Ford,,Male,switch,$7.74,FALSE,,Mörön
Kimberly,Woods,kwoodsgf@wisc.edu,Female,jcb,$9.41,TRUE,FALSE,Aktogay
Lori,Washington,,Female,jcb,$4.78,TRUE,,Jabon
Marie,Graham,mgrahamh4@craigslist.org,Female,switch,$1.77,FALSE,TRUE,Skibbereen
Lori,Kennedy,,Female,jcb,$2.94,FALSE,,Leuweheq
Edward,Carr,ecarrhm@wsj.com,,jcb,$8.42,TRUE,TRUE,Melbourne
Denise,Jackson,djacksonhr@intel.com,,jcb,$3.77,FALSE,FALSE,Boljevac
Nancy,,nsimmonshx@marriott.com,Female,,$6.69,TRUE,FALSE,Shinkafe
Ashley,Stevens,astevenshy@rambler.ru,,americanexpress,$5.52,FALSE,FALSE,Sydney
Amanda,Shaw,,Female,maestro,$2.08,FALSE,,Maluko
William,Meyer,wmeyeri7@census.gov,Male,jcb,$0.90,FALSE,TRUE,Marseille
Nicole,Hansen,nhanseni9@scientificamerican.com,Female,visa-electron,$6.31,FALSE,FALSE,Itapemirim
Cheryl,,cmillsid@businessweek.com,Female,,$8.63,FALSE,FALSE,Plereyan
Anthony,Carpenter,acarpenterii@networksolutions.com,Male,jcb,$4.78,TRUE,TRUE,Néma
Sarah,Payne,,Female,diners-club-enroute,$8.32,TRUE,,Jian’ou
Anthony,Russell,arussellj0@blog.com,Male,laser,$9.81,FALSE,FALSE,Adrasmon
,Lynch,flynchj1@jiathis.com,Male,jcb,,FALSE,TRUE,
Samuel,Brooks,sbrooksj6@accuweather.com,,diners-club-enroute,$9.52,TRUE,TRUE,Al Mijlad
Russell,Matthews,rmatthewsj8@bigcartel.com,Male,jcb,$7.61,FALSE,FALSE,Usu
Nicholas,Morales,nmoralesja@house.gov,,diners-club-carte-blanche,$1.88,TRUE,TRUE,Pasadena
,Henderson,,Male,visa,,TRUE,,
Jonathan,Hawkins,jhawkinsjr@quantcast.com,,jcb,$7.80,TRUE,TRUE,Kérkyra
Mark,Lee,mleeju@icio.us,Male,jcb,$6.12,TRUE,TRUE,Pushchino
Dennis,Washington,dwashingtonjx@ovh.net,Male,china-unionpay,$0.24,TRUE,TRUE,Kanginan
Dennis,Boyd,dboydk1@shinystat.com,Male,jcb,$8.29,FALSE,FALSE,Amado Nervo
Henry,Ruiz,hruizk7@jalbum.net,Male,maestro,$2.24,FALSE,TRUE,Ribeira Quente
Stephanie,,swilliamskf@about.me,Female,,$5.70,FALSE,FALSE,Huangzhan
,Little,jlittleki@spotify.com,Male,visa-electron,,TRUE,TRUE,
Jean,Boyd,jboydko@exblog.jp,Female,jcb,$9.40,TRUE,FALSE,Cabadiangan
Linda,Thompson,lthompsonl4@admin.ch,,jcb,$1.58,FALSE,TRUE,Tallaght
Roy,,rmasonlc@barnesandnoble.com,Male,,$2.67,FALSE,FALSE,Vallentuna
Jimmy,Chapman,jchapmanle@booking.com,Male,laser,$4.01,FALSE,FALSE,Muesanaik
,Wallace,lwallacelo@tmall.com,Female,instapayment,,TRUE,TRUE,
Joe,Bowman,jbowmanlt@delicious.com,Male,jcb,$7.08,FALSE,FALSE,Amagarapati
Ryan,Parker,rparkerma@imageshack.us,Male,china-unionpay,$2.30,FALSE,TRUE,Bologna
Kimberly,Wilson,kwilsonmh@amazon.de,Female,mastercard,$0.05,TRUE,TRUE,Aubenas
Jerry,Mason,,Male,jcb,$8.81,TRUE,,Majan
Ronald,Garrett,rgarrettmr@home.pl,,jcb,$2.64,TRUE,TRUE,Mojoroto
Irene,,irobinsonms@ucsd.edu,Female,,$7.12,TRUE,FALSE,Ete
Helen,Stewart,hstewartmu@vkontakte.ru,Female,jcb,$4.25,TRUE,FALSE,Mineralni Bani
Stephen,,sharpermv@hexun.com,Male,,$2.36,TRUE,FALSE,Sosnovyy Bor
Ann,Peters,apetersn1@mozilla.com,Female,laser,$4.04,FALSE,FALSE,Kasama
Marilyn,Cruz,mcruzn5@weather.com,,visa,$5.24,FALSE,TRUE,Kotabaru
Lisa,Meyer,,Female,visa,$4.85,FALSE,,Sundsvall
Eric,Carr,,Male,visa,$9.31,FALSE,,Psará
Russell,Hunt,rhuntnn@blogs.com,Male,jcb,$8.14,FALSE,FALSE,Shamkhor
Brian,,bmurphynz@bbc.co.uk,Male,,$1.71,FALSE,FALSE,Gangtun
Lillian,Hart,lharto0@vistaprint.com,,jcb,$3.65,TRUE,FALSE,Iizuka
Phillip,Fernandez,,Male,jcb,$3.02,FALSE,,Shangyuan
Bruce,Walker,,Male,visa-electron,$1.74,FALSE,,Baiyushan
Joan,Cole,jcoleo7@cdbaby.com,,diners-club-enroute,$9.67,TRUE,FALSE,Morez
Nicole,Austin,,Female,jcb,$3.08,FALSE,,Al Ḩashwah
Joe,,,,,$8.55,FALSE,,Viitasaari
Christopher,Gardner,,Male,jcb,$3.21,TRUE,,Shāhpur Chākar
Jason,Bennett,,Male,jcb,$8.99,TRUE,,Changhe
Ruby,Mason,,Female,jcb,$5.45,FALSE,,Pitangui
Ruby,,rbryantp8@comcast.net,Female,,$2.03,TRUE,TRUE,Guancheng
Daniel,Reynolds,dreynoldspd@nydailynews.com,,mastercard,$4.29,TRUE,FALSE,Polo
Nancy,,nbutlerpf@cbc.ca,Female,,$8.72,FALSE,TRUE,Dno
Kevin,Lopez,klopezpm@freewebs.com,,diners-club-enroute,$7.40,FALSE,TRUE,Fengshan
,Carter,dcarterpv@hubpages.com,Female,jcb,,TRUE,FALSE,
Todd,Lopez,tlopezq1@gizmodo.com,Male,jcb,$7.31,TRUE,TRUE,Zachepylivka
Andrea,Arnold,aarnoldq2@creativecommons.org,Female,maestro,$5.68,FALSE,FALSE,Selaphum
Mark,,mreidqf@washington.edu,Male,,$8.81,TRUE,TRUE,Paprotnia
Anthony,,amccoyqk@acquirethisname.com,Male,,$2.82,TRUE,FALSE,Los Angeles
Nicholas,Miller,nmillerql@altervista.org,Male,jcb,$9.48,TRUE,FALSE,Sarnia
Amy,,aarmstrongqv@samsung.com,Female,,$5.59,TRUE,TRUE,Kataba
,Gordon,sgordonqy@wix.com,Male,solo,,FALSE,FALSE,
Aaron,Stanley,astanleyr0@nyu.edu,,jcb,$1.27,TRUE,TRUE,Biaokou
,Rogers,srogersr3@histats.com,Female,china-unionpay,,TRUE,FALSE,
Kathy,Howard,,Female,mastercard,$6.34,FALSE,,Gulou
Martha,Price,mpricer7@usatoday.com,,maestro,$3.63,TRUE,FALSE,Monasterevin
Joyce,Woods,jwoods0@unesco.org,,china-unionpay,$6.49,FALSE,FALSE,Kota Kinabalu
Randy,Kelly,rkelly7@blog.com,Male,jcb,$5.35,TRUE,TRUE,Beijie
Ann,Carter,acartere@rakuten.co.jp,Female,jcb,$8.32,TRUE,FALSE,Paraiso
Bonnie,,bwoodi@gmpg.org,Female,,$1.32,TRUE,FALSE,Pachīr wa Āgām
Fred,Morrison,fmorrisonj@github.com,,jcb,$9.42,FALSE,TRUE,Polanka Wielka
,Hayes,whayeso@scientificamerican.com,,mastercard,,FALSE,TRUE,
Christine,,cspencer12@lycos.com,Female,,$8.78,FALSE,FALSE,Kirkop
Deborah,Alexander,dalexander1a@nymag.com,Female,diners-club-carte-blanche,$3.18,FALSE,FALSE,Stuttgart
Harry,Scott,hscott1c@gravatar.com,Male,mastercard,$0.16,TRUE,FALSE,Chlumec nad Cidlinou
Doris,,dfoster1g@instagram.com,Female,,$2.45,FALSE,FALSE,Ketangi
Jean,Taylor,jtaylor1k@shop-pro.jp,Female,laser,$8.22,FALSE,FALSE,Bernal
Arthur,Gomez,agomez1n@hatena.ne.jp,,diners-club-enroute,$3.30,TRUE,FALSE,Dvůr Králové nad Labem
Stephanie,Gilbert,sgilbert1s@yale.edu,Female,bankcard,$4.80,FALSE,FALSE,Liji
Cheryl,Freeman,cfreeman1y@vkontakte.ru,Female,switch,$2.47,TRUE,TRUE,Yenangyaung
Tammy,Harris,tharris1z@nifty.com,Female,jcb,$5.02,FALSE,FALSE,Uppsala
Ashley,Wood,awood23@cpanel.net,,jcb,$8.21,FALSE,TRUE,Río Guayabal de Yateras
,Ruiz,,Male,china-unionpay,,TRUE,,
James,Sanchez,jsanchez2d@sun.com,Male,laser,$9.31,TRUE,TRUE,Tougan
Judith,Bowman,,Female,switch,$0.95,TRUE,,Nasīrābād
Pamela,Chavez,,,americanexpress,$0.74,TRUE,,Wierzchowo
Bruce,Berry,bberry37@bloglovin.com,,laser,$7.77,TRUE,FALSE,Strogino
Mary,Butler,mbutler39@utexas.edu,Female,instapayment,$6.72,FALSE,FALSE,Ludza
Michelle,Marshall,mmarshall3b@vkontakte.ru,Female,jcb,$1.91,TRUE,TRUE,Guri-si
Brenda,,bweaver3i@pagesperso-orange.fr,Female,,$0.33,FALSE,TRUE,Nakhon Phanom
Jason,Murphy,jmurphy4f@infoseek.co.jp,Male,visa-electron,$6.23,TRUE,FALSE,Sirāhā
Bonnie,Hicks,bhicks4l@people.com.cn,Female,diners-club-carte-blanche,$2.03,TRUE,FALSE,Blois
,Morris,bmorris4s@home.pl,Male,mastercard,,FALSE,FALSE,
Irene,,ielliott4t@dyndns.org,Female,,$5.84,FALSE,FALSE,Dengzishan
Doris,,dstone52@edublogs.org,Female,,$1.47,TRUE,TRUE,Magsaysay
Ronald,,rperkins57@posterous.com,Male,,$4.90,TRUE,TRUE,Sishilichengzi
Charles,Gomez,,Male,americanexpress,$9.52,FALSE,,Yeoju
Earl,,elong5i@hud.gov,Male,,$9.99,TRUE,FALSE,Vranisht
Melissa,Morales,mmorales5p@hp.com,Female,solo,$8.71,FALSE,TRUE,Enrekang
Clarence,Brown,cbrown64@nasa.gov,Male,jcb,$3.89,FALSE,TRUE,Brampton
,Ellis,sellis67@sphinn.com,Male,mastercard,,FALSE,TRUE,
Arthur,Thomas,athomas6d@vimeo.com,,jcb,$6.57,TRUE,TRUE,Xianyuan
Christina,Weaver,cweaver6k@yellowbook.com,Female,jcb,$9.01,TRUE,FALSE,Chefchaouene
Joseph,,jroberts6s@squarespace.com,Male,,$4.63,FALSE,FALSE,Tegaldowo
Joan,Tucker,jtucker6t@google.com,Female,china-unionpay,$8.57,TRUE,TRUE,Port Nolloth
Beverly,Crawford,,Female,diners-club-carte-blanche,$1.37,TRUE,,Skerries
Anne,Ford,,Female,mastercard,$9.83,TRUE,,Kota Kinabalu
Juan,Murray,jmurray7b@salon.com,,maestro,$7.76,TRUE,TRUE,Nanyang
Dorothy,Vasquez,,Female,jcb,$1.75,FALSE,,Tenjolaya
Jack,Reyes,jreyes7f@prnewswire.com,,jcb,$3.70,TRUE,TRUE,Yuandun
Harold,Rivera,hrivera7l@tripadvisor.com,,bankcard,$4.31,FALSE,TRUE,Busilak
Kathleen,,kburns7q@jigsy.com,Female,,$8.49,FALSE,FALSE,Moste
Joshua,Freeman,jfreeman7s@1und1.de,Male,switch,$8.50,TRUE,FALSE,Gedangan
Barbara,Carter,bcarter7y@shop-pro.jp,,solo,$6.52,TRUE,FALSE,Seririt
Kelly,Burke,kburke7z@utexas.edu,,instapayment,$3.16,TRUE,TRUE,Shangfang
Tina,Little,tlittle86@yolasite.com,Female,jcb,$9.20,FALSE,FALSE,Belsk Duży
Sarah,Parker,sparker8b@ycombinator.com,Female,jcb,$5.41,FALSE,FALSE,Klenčí pod Čerchovem
,Moore,jmoore8c@who.int,Male,americanexpress,,TRUE,TRUE,
,Montgomery,rmontgomery8e@slashdot.org,,jcb,,TRUE,TRUE,
Shawn,Fox,,Male,jcb,$9.38,TRUE,,Arroio Grande
Jeffrey,,jjordan8l@tuttocitta.it,Male,,$8.41,FALSE,TRUE,Fengmu
Michael,Greene,mgreene8n@ftc.gov,,jcb,$2.17,FALSE,FALSE,Yuefeng
,Cunningham,lcunningham8q@g.co,Male,jcb,,FALSE,FALSE,
Donna,Mcdonald,dmcdonald8y@pcworld.com,Female,jcb,$3.60,FALSE,TRUE,Tuti
Edward,Gomez,,Male,jcb,$6.19,TRUE,,Shuangzhong
Craig,Wells,cwellsa1@usnews.com,Male,jcb,$4.52,TRUE,TRUE,Bwizibwera
Martin,Wheeler,mwheelera5@eepurl.com,,mastercard,$9.52,FALSE,FALSE,Lüyang
Walter,Arnold,warnolda8@wikispaces.com,Male,diners-club-carte-blanche,$7.76,FALSE,TRUE,Banjar Dukuh
Rose,Frazier,rfrazieraa@woothemes.com,,mastercard,$5.37,FALSE,TRUE,Colonias Unidas
Philip,Chapman,pchapmanam@ftc.gov,Male,solo,$7.75,TRUE,TRUE,Gråbo
Diana,Collins,dcollinsan@tripadvisor.com,Female,laser,$2.61,FALSE,TRUE,Wang Sombun
Steven,,slaneaq@goo.gl,Male,,$1.91,FALSE,TRUE,Hägersten
Janet,Stevens,jstevensav@apache.org,Female,jcb,$0.30,TRUE,TRUE,Khotsimsk
Carol,Ramirez,cramirezb0@liveinternet.ru,Female,china-unionpay,$7.75,FALSE,TRUE,Voskresenskoye
Jeremy,Little,jlittleb1@sohu.com,Male,jcb,$3.63,TRUE,TRUE,Subusub
Paul,Schmidt,,Male,visa-electron,$3.83,FALSE,,Vir
Henry,,hthomasb3@unc.edu,Male,,$5.94,TRUE,TRUE,Bebedouro
James,Rogers,,Male,jcb,$3.15,FALSE,,Selydove
Mary,,mburtonb6@xing.com,Female,,$8.05,FALSE,FALSE,Magole
Denise,Cox,,Female,diners-club-us-ca,$8.21,FALSE,,Grabica
,Stephens,sstephensbc@cisco.com,Male,switch,,FALSE,TRUE,
Janice,Washington,jwashingtonbf@cyberchimps.com,,solo,$5.08,FALSE,FALSE,Chernomorskiy
Sandra,Richardson,srichardsonbh@jimdo.com,,mastercard,$4.99,FALSE,FALSE,Isak
Pamela,Walker,pwalkerbj@wikimedia.org,Female,jcb,$6.62,TRUE,TRUE,Brandýs nad Labem-Stará Boleslav
Brandon,Lee,bleebs@apple.com,Male,americanexpress,$9.32,FALSE,FALSE,Gornorechenskiy
Norma,,ngriffinby@soup.io,Female,,$4.65,FALSE,TRUE,Sosnovyy Bor
Wayne,Spencer,wspencerc0@yellowbook.com,,diners-club-us-ca,$9.05,FALSE,FALSE,Chikeng
Billy,,bjordanc3@livejournal.com,Male,,$9.90,FALSE,TRUE,Dunaújváros
Susan,,,Female,,$8.67,FALSE,,Saint-Priest-en-Jarez
Tina,,tmasonc8@cafepress.com,,,$1.50,TRUE,FALSE,Kuznetsovs’k
,,ndixonca@g.co,Female,,,TRUE,FALSE,
,Mills,kmillscq@comsenz.com,Female,americanexpress,,TRUE,FALSE,
Kimberly,Arnold,,,switch,$3.54,FALSE,,Alto del Espino
,Franklin,wfranklindi@google.pl,Male,diners-club-carte-blanche,,TRUE,TRUE,
Roy,Chapman,rchapmandk@cafepress.com,,switch,$0.38,FALSE,FALSE,Gaio
,Harper,charperdo@ucla.edu,Female,americanexpress,,TRUE,FALSE,
Linda,Castillo,,Female,jcb,$0.94,TRUE,,Lyakhovtsy
Samuel,Smith,ssmithds@sohu.com,,jcb,$5.54,FALSE,TRUE,Alabug
Harold,Jenkins,hjenkinsdw@fastcompany.com,Male,jcb,$9.04,FALSE,TRUE,Großklein
,Cox,ncoxdx@163.com,Male,jcb,,TRUE,FALSE,
Sharon,Barnes,sbarnese6@businessinsider.com,Female,jcb,$6.21,TRUE,FALSE,Gvardeysk
Louis,Hart,,Male,bankcard,$6.45,FALSE,,Aurora
Jerry,Porter,jportere8@google.com.au,Male,jcb,$9.33,FALSE,FALSE,Flushing
David,Bailey,dbaileyee@amazon.de,Male,jcb,$9.02,TRUE,TRUE,Santos
Jose,,jpierceej@ifeng.com,Male,,$6.38,FALSE,TRUE,Wola Jachowa
Jennifer,Rodriguez,jrodriguezem@sakura.ne.jp,,diners-club-carte-blanche,$5.81,FALSE,TRUE,Bagikkedok Lauk
Jessica,Stevens,jstevenseo@pbs.org,Female,laser,$8.56,TRUE,FALSE,Neikeng
Donna,Knight,dknightet@sciencedirect.com,Female,jcb,$9.22,FALSE,FALSE,Fram
Craig,,cwoodsex@example.com,Male,,$7.94,TRUE,TRUE,Shah Alam
Sean,Hawkins,shawkinsf6@furl.net,,solo,$9.94,TRUE,TRUE,Bailadores
,Wilson,lwilsonf7@topsy.com,Male,jcb,,TRUE,TRUE,
Brenda,,bmontgomeryf9@networksolutions.com,Female,,$8.14,TRUE,FALSE,Sokołów Podlaski
Christine,,cgordonff@clickbank.net,Female,,$4.73,FALSE,FALSE,Bieto
Steve,Little,slittlefi@jiathis.com,Male,maestro,$4.09,FALSE,TRUE,Lidköping
Chris,Anderson,candersonfk@paginegialle.it,Male,bankcard,$9.17,FALSE,FALSE,Babantar
Albert,Bishop,,Male,jcb,$2.81,TRUE,,Xamtay
Chris,Robertson,crobertsonfx@ihg.com,Male,china-unionpay,$3.96,FALSE,FALSE,Arvidsjaur
Samuel,Long,slonggf@homestead.com,Male,laser,$6.61,TRUE,FALSE,Golug
Alice,,apaynegt@bizjournals.com,Female,,$5.80,TRUE,FALSE,Laval
Ernest,Sullivan,esullivangw@vinaora.com,,jcb,$8.44,TRUE,FALSE,Idvor
Kathy,Foster,,,americanexpress,$0.47,TRUE,,Guarabira
Matthew,,mreyesh5@hp.com,Male,,$3.83,TRUE,TRUE,Monte
Karen,Coleman,kcolemanh7@tamu.edu,Female,visa-electron,$7.15,FALSE,FALSE,Brampton
Alice,Meyer,ameyerhb@amazon.com,Female,mastercard,$9.30,TRUE,TRUE,Doyong
,Richardson,mrichardsonhl@163.com,Male,jcb,,TRUE,FALSE,
,Walker,lwalkerhu@blogtalkradio.com,,bankcard,,TRUE,FALSE,
,Jenkins,fjenkinshx@uol.com.br,Female,visa,,TRUE,TRUE,
Judith,Phillips,jphillipsi2@furl.net,Female,visa,$9.17,FALSE,FALSE,Mrongi Daja
Cynthia,,cdeani8@paginegialle.it,Female,,$4.99,TRUE,FALSE,Santa Catalina
Andrew,Oliver,,Male,maestro,$1.71,FALSE,,Comitancillo
Karen,Olson,kolsonim@51.la,,mastercard,$4.00,FALSE,FALSE,Santa Apolonia
,Howard,rhowardio@theglobeandmail.com,Female,diners-club-enroute,,FALSE,TRUE,
Pamela,Weaver,pweaveriq@spiegel.de,Female,bankcard,$2.54,TRUE,FALSE,Iralaya
Andrea,Kelly,,Female,jcb,$5.05,TRUE,,Shazhuang
,Hart,chartj3@mashable.com,Male,diners-club-carte-blanche,,FALSE,TRUE,
William,,wwhitej8@multiply.com,,,$3.84,TRUE,FALSE,Itamarandiba
Antonio,Nelson,anelsonjh@ox.ac.uk,,americanexpress,$8.39,TRUE,TRUE,Bielawy
Mary,Olson,molsonjx@webmd.com,Female,jcb,$6.11,TRUE,FALSE,Bailai
Earl,Wright,ewrightjz@mozilla.com,,switch,$1.27,FALSE,TRUE,Baoluan
Linda,Montgomery,lmontgomeryk2@elpais.com,Female,jcb,$6.16,FALSE,FALSE,Touho
Juan,Ray,jrayk9@home.pl,Male,diners-club-enroute,$8.23,FALSE,FALSE,Jiumen
Steve,Bennett,sbennettkb@moonfruit.com,Male,maestro,$3.33,FALSE,FALSE,Nowe Skalmierzyce
Shirley,Dixon,,Female,jcb,$2.36,TRUE,,Jinzhou
Denise,,dmcdonaldl7@cnn.com,Female,,$1.90,FALSE,FALSE,Volgodonsk
James,,jevanslh@army.mil,Male,,$4.51,FALSE,TRUE,Baruta
Heather,,hrusselllm@fastcompany.com,Female,,$8.06,TRUE,TRUE,Wudian
Susan,Larson,,Female,americanexpress,$9.43,TRUE,,Roermond
Harry,Palmer,hpalmern0@yellowbook.com,,diners-club-international,$6.32,TRUE,TRUE,Rodez
Earl,Ross,,Male,jcb,$6.12,TRUE,,Giyon
Frank,Richardson,,Male,jcb,$0.87,FALSE,,Panikihan
,Weaver,cweavern6@smh.com.au,Male,jcb,,TRUE,FALSE,
Sandra,,swellsne@cafepress.com,Female,,$7.85,FALSE,TRUE,Lindome
Sara,,sromeroni@woothemes.com,Female,,$6.57,TRUE,FALSE,Masindi
Lori,,ljohnstonnj@jugem.jp,Female,,$9.97,TRUE,TRUE,Mengdadazhuang
Karen,Fox,kfoxnn@wikimedia.org,Female,diners-club-enroute,$7.56,TRUE,TRUE,Catungawan Sur
,Young,tyoungno@bbc.co.uk,Female,mastercard,,TRUE,FALSE,
Johnny,Wallace,jwallacenr@home.pl,Male,americanexpress,$1.68,TRUE,FALSE,Káto Glikóvrisi
Deborah,Montgomery,dmontgomerynv@ycombinator.com,Female,jcb,$1.93,FALSE,TRUE,Youkounkoun
Steve,Fisher,sfishero2@163.com,,jcb,$9.92,FALSE,TRUE,Udon Thani
Christine,Burke,cburkeob@pagesperso-orange.fr,,china-unionpay,$8.43,FALSE,TRUE,Gaya
Jerry,,jcarrolloi@amazon.co.jp,Male,,$8.51,TRUE,TRUE,Schaumburg
Ryan,Elliott,,Male,jcb,$3.51,TRUE,,Garbów
Patricia,Peterson,ppetersonoq@squarespace.com,Female,visa-electron,$2.19,TRUE,TRUE,Joinville
Joe,Ellis,jellisou@phoca.cz,,jcb,$0.62,FALSE,FALSE,Gangnan
Rachel,Snyder,rsnyderov@dailymotion.com,,diners-club-us-ca,$0.14,TRUE,FALSE,Castelsarrasin
Thomas,Mills,tmillsp3@dedecms.com,Male,americanexpress,$9.65,FALSE,FALSE,Kresek
Angela,,anicholsp5@opensource.org,Female,,$5.17,FALSE,TRUE,Youngstown
Walter,Shaw,,Male,jcb,$3.99,FALSE,,Ural
Rachel,Simpson,rsimpsonpd@oakley.com,Female,maestro,$6.77,TRUE,FALSE,Jevremovac
,Morrison,nmorrisonpj@google.ru,,jcb,,TRUE,FALSE,
Robert,Nguyen,rnguyenpp@pinterest.com,Male,jcb,$9.80,TRUE,FALSE,Sapataria
Todd,Rodriguez,trodriguezps@vk.com,Male,jcb,$2.03,FALSE,TRUE,Tower
Clarence,Schmidt,cschmidtpt@seesaa.net,Male,jcb,$5.79,TRUE,FALSE,Vilque Chico
Helen,Davis,,Female,jcb,$1.80,FALSE,,Zhangcun
Janice,,jdaypz@xinhuanet.com,Female,,$1.41,FALSE,FALSE,Nkayi
Theresa,Reed,treedq0@opera.com,,instapayment,$7.53,TRUE,FALSE,Aimin
Keith,,kbakerq1@geocities.jp,Male,,$8.66,TRUE,TRUE,Tewulike
Lisa,Pierce,lpierceqa@nydailynews.com,Female,bankcard,$0.90,FALSE,TRUE,Modakeke
Christopher,Hughes,,Male,china-unionpay,$0.96,FALSE,,Fosses
Lawrence,Gordon,lgordonqh@wufoo.com,Male,jcb,$6.18,FALSE,TRUE,Kangping
Jennifer,Fernandez,jfernandezr4@pinterest.com,Female,switch,$8.26,TRUE,TRUE,Quinipot
Stephen,Bennett,sbennettrb@geocities.jp,Male,visa-electron,$1.47,TRUE,FALSE,Frankfurt am Main
Larry,Kim,lkimrc@go.com,Male,bankcard,$1.13,FALSE,FALSE,Bojonggenteng
,Stewart,jstewartrg@engadget.com,Female,jcb,,FALSE,TRUE,
Rose,,rfergusonrh@wisc.edu,Female,,$4.16,FALSE,FALSE,Doghs
Benjamin,Little,,Male,jcb,$7.35,TRUE,,Puerto Aisén
Brenda,Gardner,bgardnerrk@google.com,,jcb,$6.16,TRUE,FALSE,Müllendorf
Ronald,Arnold,,Male,americanexpress,$8.51,FALSE,,Capela
Antonio,Miller,amillerrr@aol.com,,maestro,$4.19,FALSE,FALSE,Shihudang
Henry,Schmidt,hschmidt4@vkontakte.ru,Male,instapayment,$9.69,FALSE,TRUE,Lolotique
Kelly,Lopez,klopez8@sphinn.com,,visa-electron,$7.33,FALSE,FALSE,Nanyang
Anna,,awarrenb@yahoo.com,Female,,$9.96,FALSE,TRUE,Besançon
Kimberly,Barnes,kbarnesf@goodreads.com,,jcb,$6.09,FALSE,FALSE,Xiyuan
Charles,,cgarzak@squarespace.com,Male,,$9.32,FALSE,FALSE,Baghlān
Helen,Kennedy,,Female,jcb,$7.10,FALSE,,Baunu-Timbangan
Jason,Gordon,jgordonr@cbsnews.com,Male,visa-electron,$2.57,FALSE,TRUE,Marne-la-Vallée
Mary,,mmurray11@lulu.com,Female,,$5.72,FALSE,FALSE,København
Anna,Schmidt,,Female,visa,$9.59,TRUE,,Sadar Bazar
Christine,Oliver,coliver1c@desdev.cn,Female,jcb,$3.11,FALSE,FALSE,Niort
Willie,Andrews,wandrews1m@geocities.jp,Male,jcb,$9.78,FALSE,FALSE,Gangkou
Jeffrey,Meyer,jmeyer1t@flavors.me,Male,jcb,$9.24,FALSE,FALSE,Sicaya
Alan,,acruz1y@ucoz.ru,Male,,$0.33,FALSE,FALSE,Bafatá
Joseph,Howard,,Male,jcb,$8.97,FALSE,,Guojiazhuang
Jessica,Bell,jbell23@arizona.edu,Female,americanexpress,$9.25,FALSE,TRUE,Xuân Trường
Shirley,Ortiz,sortiz26@canalblog.com,Female,visa-electron,$3.77,FALSE,FALSE,Altkirch
Sharon,Williams,swilliams29@wp.com,Female,jcb,$4.51,FALSE,TRUE,Löddeköpinge
Douglas,Mitchell,dmitchell2b@archive.org,Male,jcb,$9.15,FALSE,TRUE,Ndwedwe
Rose,,rrussell2d@shinystat.com,Female,,$8.43,TRUE,FALSE,El Arenal
Anna,Lee,,Female,instapayment,$3.24,TRUE,,Real
Timothy,Thompson,tthompson2o@hud.gov,Male,mastercard,$1.67,TRUE,TRUE,Oleksandrivka
Diana,,dcarr2w@ebay.co.uk,Female,,$0.94,TRUE,TRUE,Pak Kret
Ronald,Carr,rcarr2y@deviantart.com,,jcb,$9.98,TRUE,FALSE,Loma Bonita
Victor,Marshall,vmarshall34@cargocollective.com,Male,jcb,$5.95,FALSE,FALSE,Zhaxi
Janet,Wagner,jwagner35@epa.gov,,china-unionpay,$7.13,TRUE,TRUE,Tapan
Earl,,ewagner3e@cyberchimps.com,Male,,$4.96,FALSE,FALSE,Daciyao
Bobby,Jacobs,bjacobs3h@mediafire.com,Male,switch,$7.50,TRUE,TRUE,Chengguan
Mildred,Patterson,mpatterson3m@ucsd.edu,,switch,$8.98,FALSE,TRUE,Tatsuno
Melissa,Welch,,Female,mastercard,$7.98,TRUE,,Farasān
Judith,Allen,jallen3v@thetimes.co.uk,,bankcard,$0.77,FALSE,TRUE,Nama
Steve,Ryan,,Male,jcb,$9.69,FALSE,,Ijuí
Pamela,Jacobs,,Female,jcb,$4.89,FALSE,,Vrbas
Gary,,gharrison4d@hexun.com,Male,,$8.58,TRUE,FALSE,Nūsay
Kevin,Sullivan,ksullivan4f@ft.com,,switch,$0.09,FALSE,FALSE,Bentar Girang
Paula,Hunt,,Female,jcb,$0.67,FALSE,,Padre Paraíso
Doris,Williams,dwilliams4k@ning.com,Female,visa,$9.26,FALSE,FALSE,Xiaogang
Bonnie,Cole,bcole4x@un.org,,diners-club-enroute,$0.34,TRUE,FALSE,Maraial
Judy,Marshall,jmarshall50@comcast.net,Female,switch,$1.99,TRUE,FALSE,Caluquembe
Robert,Hunt,rhunt52@cornell.edu,Male,jcb,$3.94,TRUE,FALSE,Montecarlo
Betty,Ellis,bellis58@wsj.com,Female,jcb,$3.08,TRUE,FALSE,Erong
Kathy,,kdunn5h@sphinn.com,Female,,$4.61,FALSE,TRUE,Padilla
Susan,Simpson,ssimpson5k@ebay.com,,jcb,$4.46,TRUE,FALSE,Chimen
Ann,Gomez,,Female,instapayment,$7.87,TRUE,,Cali
Irene,Phillips,iphillips5r@naver.com,Female,diners-club-carte-blanche,$9.56,FALSE,TRUE,Yuhuazhai
Joseph,,jlynch5t@ovh.net,Male,,$7.35,TRUE,TRUE,Lorraine
Michael,,mfoster5v@bloomberg.com,Male,,$1.49,FALSE,FALSE,Shicheng
Jason,Cunningham,,Male,diners-club-international,$8.46,FALSE,,Huangjin
Paul,Robinson,probinson61@stumbleupon.com,,jcb,$7.21,FALSE,TRUE,Novotroitskaya
Jerry,Wright,jwright63@prweb.com,,maestro,$8.30,TRUE,FALSE,Lidköping
Heather,Sanchez,hsanchez64@blogtalkradio.com,Female,jcb,$1.52,TRUE,TRUE,Tost
Evelyn,,ekelley6f@yolasite.com,Female,,$1.16,TRUE,TRUE,Chencai
Samuel,Hamilton,shamilton6j@vk.com,Male,jcb,$4.77,TRUE,TRUE,Pantaibesar
Frances,Allen,fallen6w@geocities.jp,Female,maestro,$1.42,TRUE,TRUE,Osieczany
Tina,Peterson,,Female,maestro,$7.51,TRUE,,Tuanalepe
Kathleen,,ktorres7i@newsvine.com,Female,,$0.21,FALSE,TRUE,Dingle
Jose,Lewis,jlewis7l@webnode.com,,mastercard,$3.92,TRUE,TRUE,Dauriya
Diana,Gonzales,dgonzales7n@xing.com,,diners-club-carte-blanche,$3.06,FALSE,FALSE,Argasari
Jean,Wright,jwright7t@reuters.com,Female,switch,$1.91,FALSE,FALSE,Magisterial
Jeremy,,jcarr7x@shinystat.com,Male,,$9.91,TRUE,FALSE,Campo de la Cruz
Pamela,Johnson,pjohnson80@techcrunch.com,Female,jcb,$2.56,FALSE,TRUE,Aghada
Craig,Riley,criley85@technorati.com,Male,maestro,$2.57,TRUE,TRUE,Malvas
Arthur,Nguyen,anguyen8o@angelfire.com,Male,jcb,$2.21,FALSE,TRUE,Zhongnan
Kathy,,kford8p@pen.io,Female,,$7.08,TRUE,TRUE,Aija
Carlos,Arnold,carnold8s@thetimes.co.uk,Male,mastercard,$9.04,FALSE,FALSE,Hebu
Patrick,Woods,pwoods93@foxnews.com,,jcb,$4.67,TRUE,FALSE,Ash Sharyah
Wanda,Garza,wgarza95@wordpress.com,,jcb,$6.37,FALSE,FALSE,Shanhaiguan
Marilyn,Henry,mhenry9b@google.pl,Female,maestro,$9.91,FALSE,TRUE,Perpignan
,Hernandez,ahernandez9d@dailymotion.com,Female,diners-club-enroute,,TRUE,TRUE,
Howard,Carroll,hcarroll9g@issuu.com,Male,visa-electron,$2.65,FALSE,FALSE,Jibu
Lois,Fisher,lfisher9h@marketwatch.com,Female,jcb,$4.21,FALSE,TRUE,Konggar
Brian,,blewis9l@sfgate.com,Male,,$2.21,TRUE,TRUE,Furudate
Janice,Morris,jmorris9w@bloglovin.com,,jcb,$3.34,FALSE,TRUE,Krajan Kulon
Christine,Gordon,cgordon9y@nhs.uk,,jcb,$3.00,TRUE,FALSE,Liaonan
Frances,Watson,fwatsona0@zdnet.com,,visa,$8.12,FALSE,FALSE,Aya
,Williams,cwilliamsa4@etsy.com,Male,solo,,TRUE,TRUE,
,Warren,kwarrena5@toplist.cz,Male,diners-club-carte-blanche,,TRUE,FALSE,
Barbara,,brossa7@youku.com,Female,,$0.27,TRUE,TRUE,Rio Negrinho
Kimberly,Morrison,kmorrisona9@comcast.net,,jcb,$1.81,TRUE,TRUE,Czechowice-Dziedzice
Lillian,Oliver,,Female,visa,$6.39,FALSE,,Ernestinovo
Wanda,Wilson,wwilsonan@google.es,,mastercard,$2.95,TRUE,FALSE,Chuangwang
Brandon,,bwelchau@yandex.ru,Male,,$5.89,TRUE,FALSE,Tiwi
Gary,Hawkins,,Male,switch,$0.68,FALSE,,São João de Caparica
Jeremy,,jboydbf@facebook.com,Male,,$8.77,TRUE,TRUE,Mirsk
Christopher,,cfoxbu@china.com.cn,Male,,$8.20,FALSE,TRUE,Saint-Ouen
,Turner,aturnerbx@discuz.net,Female,switch,,TRUE,FALSE,
Eric,Armstrong,,Male,switch,$0.70,TRUE,,Bulupayung
,Cole,kcolec0@deviantart.com,Female,jcb,,FALSE,TRUE,
Gary,Willis,gwillisc3@go.com,Male,jcb,$3.60,TRUE,TRUE,Congas
Todd,Cooper,,Male,jcb,$1.69,FALSE,,Sam Roi Yot
Donald,Hawkins,dhawkinsca@state.tx.us,,china-unionpay,$4.35,TRUE,FALSE,Krmelín
William,Reid,wreidcd@nbcnews.com,Male,jcb,$1.63,FALSE,TRUE,Saratamata
Aaron,Freeman,afreemance@webmd.com,,americanexpress,$10.00,TRUE,TRUE,Ormstown
Dorothy,Webb,,Female,switch,$0.44,FALSE,,Venustiano Carranza
Ruth,,rthomascn@wiley.com,Female,,$0.99,FALSE,FALSE,Salam
Lori,Rice,lricecw@ted.com,Female,diners-club-us-ca,$2.50,FALSE,FALSE,Pancas
,Fox,sfoxdh@miibeian.gov.cn,Female,jcb,,TRUE,FALSE,
Patrick,Fernandez,pfernandezds@goodreads.com,,bankcard,$1.69,FALSE,TRUE,Pedome
Alice,Thompson,athompsondv@networkadvertising.org,,mastercard,$8.22,FALSE,TRUE,Maţāy
Louis,,lgilbertdw@wp.com,Male,,$9.24,TRUE,TRUE,Căuşeni
Nicholas,Gonzalez,ngonzalezdx@mayoclinic.com,Male,mastercard,$1.96,FALSE,TRUE,Arroyito
Jessica,Nguyen,jnguyene0@reverbnation.com,,jcb,$6.19,TRUE,FALSE,Kujung
,Hudson,chudsone3@bravesites.com,Male,mastercard,,FALSE,TRUE,
Teresa,Grant,tgrante6@artisteer.com,Female,jcb,$1.19,FALSE,TRUE,Mungging
Michelle,,mharveyeg@booking.com,Female,,$9.46,FALSE,FALSE,Lidečko
Kathy,Gomez,kgomezej@china.com.cn,Female,china-unionpay,$9.81,FALSE,FALSE,Belogorsk
Diane,Freeman,dfreemanem@phoca.cz,Female,mastercard,$8.20,FALSE,FALSE,Makata
Pamela,Lane,planeeo@sitemeter.com,Female,solo,$6.05,FALSE,FALSE,Svenljunga
Daniel,Kelly,dkellyes@example.com,,mastercard,$2.56,FALSE,FALSE,Portland
Nicholas,Ford,nfordez@technorati.com,Male,jcb,$3.11,TRUE,FALSE,Cruzeiro
,Hughes,thughesf2@ask.com,Male,switch,,FALSE,FALSE,
Louise,Spencer,lspencerf4@nymag.com,Female,switch,$1.61,TRUE,FALSE,Si Narong
Mark,Fisher,mfisherf5@domainmarket.com,Male,switch,$5.00,TRUE,TRUE,Meishan
Thomas,Cunningham,tcunninghamf9@bloglovin.com,,americanexpress,$1.54,TRUE,FALSE,Asino
Billy,,bcarpenterfa@wikimedia.org,Male,,$0.75,TRUE,TRUE,La Escondida
Rose,Burke,,Female,maestro,$4.19,FALSE,,Ribeiro
David,Bennett,,Male,diners-club-carte-blanche,$4.16,TRUE,,Syevyerodonets’k
Janice,,jyoungfl@berkeley.edu,Female,,$8.16,FALSE,FALSE,Chongxian
Aaron,Gardner,agardnerft@imgur.com,,diners-club-enroute,$6.47,TRUE,FALSE,Přimda
Ashley,,aparkerfv@sogou.com,Female,,$3.43,FALSE,FALSE,Changning
Jane,,jcarpenterfx@baidu.com,Female,,$9.64,FALSE,FALSE,Alto del Espino
Lawrence,Clark,lclarkgn@howstuffworks.com,,visa-electron,$1.48,TRUE,FALSE,Xiawuqi
Michael,Williams,mwilliamsgt@mit.edu,Male,diners-club-enroute,$2.32,FALSE,FALSE,Huaihe
,Henry,phenrygu@wired.com,Male,mastercard,,TRUE,FALSE,
Lois,Lane,,Female,jcb,$6.60,FALSE,,Zhizhong
Clarence,Howard,chowardh0@tamu.edu,,maestro,$2.65,TRUE,TRUE,Petrijevci
Robin,,randersonh4@globo.com,Female,,$6.69,FALSE,TRUE,Chengnan
Clarence,Howard,chowardh5@discovery.com,Male,laser,$8.78,TRUE,TRUE,Wanju
Sean,Knight,,Male,china-unionpay,$8.50,TRUE,,Guanban
Barbara,Fields,bfieldshe@vistaprint.com,Female,jcb,$7.59,TRUE,TRUE,Bačka Topola
Jane,Arnold,,Female,jcb,$1.73,TRUE,,Polepy
Debra,West,dwesthr@house.gov,,visa,$2.47,TRUE,TRUE,Bi’r al ‘Abd
Lawrence,Castillo,lcastilloht@gravatar.com,,jcb,$8.31,TRUE,TRUE,Zhengji
,Russell,jrussellhu@rediff.com,Male,bankcard,,TRUE,FALSE,
Harold,Scott,hscotthy@a8.net,Male,bankcard,$2.69,TRUE,TRUE,Shuiyuan
Carlos,Williamson,cwilliamsoni1@state.tx.us,,maestro,$4.91,FALSE,TRUE,Lengji
Teresa,,tchavezi4@i2i.jp,Female,,$5.96,TRUE,FALSE,Rotterdam
Jacqueline,,jgardneric@bravesites.com,Female,,$4.86,TRUE,FALSE,Tiên Phước
Barbara,Kelley,bkelleyik@youku.com,Female,jcb,$2.34,FALSE,TRUE,Korsze
Joan,,jwarreniy@latimes.com,Female,,$8.96,TRUE,TRUE,Repnoye
Kelly,Lewis,klewisj0@yahoo.com,Female,jcb,$8.52,FALSE,FALSE,Oshawa
Ralph,Palmer,,Male,diners-club-international,$4.77,FALSE,,Jinta
Ann,Hunter,ahunterj6@smugmug.com,Female,mastercard,$8.87,FALSE,TRUE,Silongin
Roger,Johnson,rjohnsonj9@ehow.com,Male,jcb,$1.15,FALSE,FALSE,Kromy
Peter,Jordan,pjordanjd@mtv.com,,laser,$7.45,TRUE,FALSE,Osinniki
Karen,Chapman,kchapmanje@unc.edu,Female,americanexpress,$6.67,TRUE,FALSE,Pridonskoy
Frances,Roberts,frobertsjg@rambler.ru,Female,jcb,$6.98,FALSE,TRUE,Kaparéllion
Deborah,Ford,dfordji@amazon.co.uk,Female,jcb,$9.80,FALSE,TRUE,‘Attīl
Martha,,mporterjj@altervista.org,Female,,$0.47,FALSE,TRUE,Felege Neway
Virginia,Ferguson,vfergusonjs@skyrock.com,Female,jcb,$6.74,FALSE,FALSE,Cauayan
Justin,Lawson,jlawsonjt@google.com.br,Male,jcb,$3.97,TRUE,TRUE,Meiyuan Xincun
Lori,Knight,lknightk3@sfgate.com,Female,china-unionpay,$9.75,TRUE,TRUE,Kalangsari
Eugene,Torres,etorresk6@wp.com,,visa-electron,$9.37,FALSE,FALSE,Vancouver
Chris,,ccruzk9@people.com.cn,Male,,$0.31,TRUE,TRUE,Waterloo
Susan,Jones,,Female,diners-club-carte-blanche,$9.76,FALSE,,Novosibirsk
Steven,Sanchez,ssanchezl7@slate.com,Male,visa-electron,$0.40,TRUE,FALSE,Dadianzi
Peter,,pwillisle@gnu.org,Male,,$6.37,FALSE,TRUE,Los Angeles
Mildred,Knight,mknightlh@npr.org,Female,jcb,$2.03,TRUE,TRUE,Concepción del Uruguay
,Robertson,nrobertsonlz@chronoengine.com,Male,jcb,,FALSE,TRUE,
,Garrett,vgarrettm2@squidoo.com,Male,jcb,,TRUE,TRUE,
,Ellis,rellism3@php.net,Female,maestro,,TRUE,FALSE,
Ashley,Ramirez,aramirezmg@webs.com,Female,jcb,$7.23,TRUE,TRUE,Visconde do Rio Branco
Shirley,Garcia,sgarciami@mail.ru,,instapayment,$3.25,FALSE,TRUE,Velyka Bahachka
,,jpattersonml@upenn.edu,Female,,,FALSE,FALSE,
Norma,Hernandez,nhernandezmm@sitemeter.com,,china-unionpay,$8.33,FALSE,TRUE,Sunne
Roger,Mills,rmillsmo@ameblo.jp,,maestro,$6.55,FALSE,TRUE,Limoeiro do Norte
Howard,Harris,,Male,jcb,$6.46,FALSE,,Victoria West
Ryan,Freeman,,Male,jcb,$0.62,TRUE,,La Escondida
Julia,Jenkins,,Female,visa-electron,$7.55,TRUE,,Bayombong
Bruce,Owens,,Male,visa-electron,$1.31,TRUE,,Famatina
Dennis,Murray,dmurraynp@wired.com,Male,laser,$2.62,TRUE,FALSE,Balete
,Smith,ssmithnq@furl.net,Male,jcb,,TRUE,TRUE,
Annie,Day,,Female,china-unionpay,$5.21,FALSE,,Shuhe
Nicole,Roberts,nrobertso0@exblog.jp,,jcb,$6.28,TRUE,FALSE,Stamford
Arthur,Nelson,anelsono2@live.com,Male,jcb,$7.56,FALSE,TRUE,Fuling
George,Gonzales,,Male,jcb,$2.70,FALSE,,Turba
Carolyn,Elliott,celliottoa@wikipedia.org,,china-unionpay,$7.79,FALSE,TRUE,Rejoyoso
Doris,Wilson,dwilsonob@angelfire.com,,jcb,$6.18,TRUE,TRUE,Orlando
Joe,Hill,jhilloc@technorati.com,,americanexpress,$8.02,FALSE,TRUE,Mascote
Brenda,Thomas,bthomason@usatoday.com,Female,bankcard,$6.60,FALSE,FALSE,Hällefors
Annie,Holmes,aholmesos@tripod.com,Female,mastercard,$9.93,FALSE,TRUE,Hadžići
Peter,Walker,pwalkerot@opensource.org,,jcb,$2.40,TRUE,FALSE,Xiakou
Ann,,astewartox@eventbrite.com,Female,,$4.85,FALSE,TRUE,Santa Cruz De Tenerife
Alan,Price,apricep1@sciencedaily.com,Male,americanexpress,$8.72,TRUE,FALSE,Huangcun
Brian,Fields,bfieldsp6@upenn.edu,Male,jcb,$4.61,TRUE,FALSE,Berkovitsa
Christina,Ramirez,cramirezpe@ibm.com,Female,jcb,$1.02,TRUE,TRUE,Calibungan
Keith,Watkins,kwatkinspj@dedecms.com,Male,jcb,$5.91,TRUE,FALSE,Kebonsari
George,Hunt,ghuntpo@adobe.com,Male,bankcard,$8.31,FALSE,FALSE,Huangzhawan
Kathy,Hunter,khunterpw@npr.org,Female,jcb,$8.76,FALSE,TRUE,Ji’an
Roger,Chavez,rchavezpy@wufoo.com,Male,jcb,$8.77,TRUE,FALSE,Uherský Brod
Martin,Larson,mlarsonpz@php.net,Male,mastercard,$6.85,TRUE,TRUE,Nuevo Amanecer
Carlos,Mitchell,,Male,jcb,$9.88,TRUE,,Duitama
Joshua,Price,,Male,mastercard,$8.44,FALSE,,Charlottetown
Anne,,aturnerq5@instagram.com,Female,,$5.65,TRUE,FALSE,Krajan
Brenda,Reed,breedq7@homestead.com,Female,visa,$8.84,TRUE,TRUE,Gedera
Mary,Powell,mpowellq8@wp.com,Female,instapayment,$2.24,TRUE,TRUE,Krzczonów
,Hicks,chicksqb@jugem.jp,Female,switch,,FALSE,FALSE,
Carol,Gonzales,,Female,mastercard,$7.83,TRUE,,Nansan
Ernest,,ewestra@hud.gov,Male,,$4.00,FALSE,FALSE,Huanggang
,Arnold,karnoldrb@fotki.com,Female,china-unionpay,,TRUE,TRUE,
Lillian,,lhughesrl@springer.com,Female,,$9.05,FALSE,FALSE,Penha Longa
Samuel,,sryanrn@skyrock.com,Male,,$8.26,TRUE,FALSE,Jagdaqi
